-- MySQL dump 10.13  Distrib 8.0.21, for Linux (x86_64)
--
-- Host: localhost    Database: teste
-- ------------------------------------------------------
-- Server version	8.0.21-0ubuntu0.20.04.4

/*!40101 SET @OLD_CHARACTER_SET_CLIENT=@@CHARACTER_SET_CLIENT */;
/*!40101 SET @OLD_CHARACTER_SET_RESULTS=@@CHARACTER_SET_RESULTS */;
/*!40101 SET @OLD_COLLATION_CONNECTION=@@COLLATION_CONNECTION */;
/*!50503 SET NAMES utf8 */;
/*!40103 SET @OLD_TIME_ZONE=@@TIME_ZONE */;
/*!40103 SET TIME_ZONE='+00:00' */;
/*!40014 SET @OLD_UNIQUE_CHECKS=@@UNIQUE_CHECKS, UNIQUE_CHECKS=0 */;
/*!40014 SET @OLD_FOREIGN_KEY_CHECKS=@@FOREIGN_KEY_CHECKS, FOREIGN_KEY_CHECKS=0 */;
/*!40101 SET @OLD_SQL_MODE=@@SQL_MODE, SQL_MODE='NO_AUTO_VALUE_ON_ZERO' */;
/*!40111 SET @OLD_SQL_NOTES=@@SQL_NOTES, SQL_NOTES=0 */;

--
-- Temporary view structure for view `avaliacoes_comentario`
--

DROP TABLE IF EXISTS `avaliacoes_comentario`;
/*!50001 DROP VIEW IF EXISTS `avaliacoes_comentario`*/;
SET @saved_cs_client     = @@character_set_client;
/*!50503 SET character_set_client = utf8mb4 */;
/*!50001 CREATE VIEW `avaliacoes_comentario` AS SELECT 
 1 AS `id`,
 1 AS `id_comentario`,
 1 AS `id_user`*/;
SET character_set_client = @saved_cs_client;

--
-- Table structure for table `comentario`
--

DROP TABLE IF EXISTS `comentario`;
/*!40101 SET @saved_cs_client     = @@character_set_client */;
/*!50503 SET character_set_client = utf8mb4 */;
CREATE TABLE `comentario` (
  `id` int unsigned NOT NULL AUTO_INCREMENT,
  `id_user` int unsigned NOT NULL,
  `id_disciplina` int unsigned NOT NULL,
  `texto` varchar(255) NOT NULL,
  PRIMARY KEY (`id`),
  KEY `id_user` (`id_user`),
  KEY `id_disciplinas` (`id_disciplina`),
  CONSTRAINT `comentario_ibfk_1` FOREIGN KEY (`id_user`) REFERENCES `users` (`id`),
  CONSTRAINT `comentario_ibfk_2` FOREIGN KEY (`id_disciplina`) REFERENCES `disciplinas` (`id`)
) ENGINE=InnoDB AUTO_INCREMENT=8 DEFAULT CHARSET=latin1;
/*!40101 SET character_set_client = @saved_cs_client */;

--
-- Dumping data for table `comentario`
--

LOCK TABLES `comentario` WRITE;
/*!40000 ALTER TABLE `comentario` DISABLE KEYS */;
/*!40000 ALTER TABLE `comentario` ENABLE KEYS */;
UNLOCK TABLES;

--
-- Table structure for table `disciplinas`
--

DROP TABLE IF EXISTS `disciplinas`;
/*!40101 SET @saved_cs_client     = @@character_set_client */;
/*!50503 SET character_set_client = utf8mb4 */;
CREATE TABLE `disciplinas` (
  `id` int unsigned NOT NULL AUTO_INCREMENT,
  `id_user` int unsigned NOT NULL,
  `nome` varchar(255) NOT NULL,
  `nome_limpo` varchar(255) NOT NULL,
  PRIMARY KEY (`id`),
  KEY `fk_disciplinas_1_idx` (`id_user`),
  CONSTRAINT `fk_disciplinas_1` FOREIGN KEY (`id_user`) REFERENCES `users` (`id`)
) ENGINE=InnoDB AUTO_INCREMENT=111 DEFAULT CHARSET=latin1;
/*!40101 SET character_set_client = @saved_cs_client */;

--
-- Dumping data for table `disciplinas`
--

LOCK TABLES `disciplinas` WRITE;
/*!40000 ALTER TABLE `disciplinas` DISABLE KEYS */;
INSERT INTO `disciplinas` VALUES (5,5,'Engenharia de Software','engenharia de software'),(12,5,'Algoritmos I','algoritmos i'),(13,5,'Matematica Discreta','matematica discreta'),(14,5,'Inglês Instrumental I','ingles instrumental i'),(15,5,'Inglês Instrumental II','ingles instrumental ii'),(16,8,'Pesquisa Operacional','pesquisa operacional'),(21,5,'ALGORITMOS PARA BIOINFORMATICA I','algoritmos para bioinformatica i'),(30,5,'ALGORITMOS E ESTRUTURAS DE DADOS I','algoritmos e estruturas de dados i'),(31,5,'ALGORITMOS E ESTRUTURAS DE DADOS II','algoritmos e estruturas de dados ii'),(32,5,'ALGORITMOS E ESTRUTURAS DE DADOS III','algoritmos e estruturas de dados iii'),(33,5,'ALGORITMOS I','algoritmos i'),(34,5,'ALGORITMOS II','algoritmos ii'),(35,5,'ALGORITMOS PARA BIOINFORMATICA I','algoritmos para bioinformatica i'),(36,5,'ALGORITMOS PARA BIOINFORMATICA II','algoritmos para bioinformatica ii'),(37,5,'ANALISE NUMERICA','analise numerica'),(38,5,'ARMAZENS DE DADOS','armazens de dados'),(39,5,'ATIVIDADES PRATICAS INTEGRADORAS','atividades praticas integradoras'),(40,5,'CALCULO NUMERICO','calculo numerico'),(41,5,'COMPILADORES','compiladores'),(42,5,'COMPILADORES I','compiladores i'),(43,5,'COMPUTACAO GRAFICA','computacao grafica'),(44,5,'COMPUTACAO NATURAL','computacao natural'),(45,5,'COMPUTADORES E SOCIEDADE','computadores e sociedade'),(46,5,'DESENVOLVIMENTO DE JOGOS DIGITAIS','desenvolvimento de jogos digitais'),(47,5,'EMPREENDIMENTOS EM INFORMATICA','empreendimentos em informatica'),(48,5,'ENGENHARIA DE SOFTWARE','engenharia de software'),(49,5,'ENGENHARIA DE SOFTWARE II','engenharia de software ii'),(50,5,'ENGENHARIA DE USABILIDADE','engenharia de usabilidade'),(51,5,'ESTRUTURAS DE DADOS','estruturas de dados'),(52,5,'FUNDAMENTOS DA TEORIA DA COMPUTACAO','fundamentos da teoria da computacao'),(53,5,'FUNDAMENTOS DE SISTEMAS DE INFORMACAO','fundamentos de sistemas de informacao'),(54,5,'HEURÍSTICAS E METAHEURÍSTICAS','heurísticas e metaheurísticas'),(55,5,'INTELIGENCIA ARTIFICIAL','inteligencia artificial'),(56,5,'INTERACAO HUMANO-COMPUTADOR','interacao humano-computador'),(57,5,'INTRODUCAO A ARQUITETURA DE COMPUTADORES','introducao a arquitetura de computadores'),(58,5,'INTRODUCAO A BANCO DE DADOS','introducao a banco de dados'),(59,5,'INTRODUCAO A CIENCIA DA COMPUTACAO','introducao a ciencia da computacao'),(60,5,'INTRODUCAO A INFORMATICA','introducao a informatica'),(61,5,'INTRODUCAO A MATEMATICA COMPUTACIONAL','introducao a matematica computacional'),(62,5,'INTRODUCAO A ROBOTICA','introducao a robotica'),(63,5,'INTRODUCAO AOS SISTEMAS LOGICOS','introducao aos sistemas logicos'),(64,5,'INTRODUCAO AS TECNOLOGIAS DA INFORMACAO II','introducao as tecnologias da informacao ii'),(65,5,'INTRODUCAO AS TECNOLOGIAS DE COMUNICACAO E INFORMACAO I','introducao as tecnologias de comunicacao e informacao i'),(66,5,'INTRODUCAO AS TECNOLOGIAS DE COMUNICACAO E INFORMACAO II','introducao as tecnologias de comunicacao e informacao ii'),(67,5,'INTRODUCAO AS TECNOLOGIAS DE INFORMACAO I','introducao as tecnologias de informacao i'),(68,5,'INTRODUCAO AS TECNOLOGICAS DE COMUNICACAO E INFORMACAO II','introducao as tecnologicas de comunicacao e informacao ii'),(69,5,'INTRODUÇÃO À CIÊNCIA DOS DADOS','introdução à ciência dos dados'),(70,5,'INTRODUÇÃO À LÓGICA COMPUTACIONAL','introdução à lógica computacional'),(71,5,'INTRODUÇÃO À PROGRAMAÇÃO DE COMPUTADORES','introdução à programação de computadores'),(72,5,'LINGUAGENS DE PROGRAMACAO','linguagens de programacao'),(73,5,'MATEMATICA DISCRETA','matematica discreta'),(74,5,'MATEMÁTICA DISCRETA','matemática discreta'),(75,5,'MINERACAO DE DADOS','mineracao de dados'),(76,5,'MODELAGEM DE PROCESSOS DE NEGOCIO','modelagem de processos de negocio'),(77,5,'MONOGRAFIA EM SISTEMAS DE INFORMACAO','monografia em sistemas de informacao'),(78,5,'MONOGRAFIA EM SISTEMAS DE INFORMAÇÃO II','monografia em sistemas de informação ii'),(79,5,'MÉTODOS QUANTITATIVOS DE PESQUISA EXPERIMENTAL EM CIÊNCIA DA COMPUTAÇÃO','métodos quantitativos de pesquisa experimental em ciência da computação'),(80,5,'ORGANIZACAO DE COMPUTADORES I','organizacao de computadores i'),(81,5,'ORGANIZACAO DE COMPUTADORES II','organizacao de computadores ii'),(82,5,'PESQUISA OPERACIONAL','pesquisa operacional'),(83,5,'PROCESSAMENTO DIGITAL DE SOM E VIDEO','processamento digital de som e video'),(84,5,'PROCESSAMENTOS DIGITAL DE IMAGENS','processamentos digital de imagens'),(85,5,'PROGRAMACAO DE COMPUTADORES','programacao de computadores'),(86,5,'PROGRAMACAO DE COMPUTADORES I','programacao de computadores i'),(87,5,'PROGRAMACAO DE COMPUTADORES II','programacao de computadores ii'),(88,5,'PROGRAMACAO MODULAR','programacao modular'),(89,5,'PROGRAMACAO ORIENTADA A OBJETOS','programacao orientada a objetos'),(90,5,'PROGRAMAÇÃO E DESENVOLVIMENTO DE SOFTWARE I','programação e desenvolvimento de software i'),(91,5,'PROGRAMAÇÃO E DESENVOLVIMENTO DE SOFTWARE II','programação e desenvolvimento de software ii'),(92,5,'PROJETO ORIENTADO EM COMPUTACAO I','projeto orientado em computacao i'),(93,5,'PROJETO ORIENTADO EM COMPUTACAO II','projeto orientado em computacao ii'),(94,5,'PROJETOS E CONCEITOS DE SISTEMAS PARALELOS E DISTRIBUÍDOS','projetos e conceitos de sistemas paralelos e distribuídos'),(95,5,'REDES COMPLEXAS EM COMPUTACAO: MODELAGEM, ALGORITMOS E APLICACOES','redes complexas em computacao: modelagem, algoritmos e aplicacoes'),(96,5,'REDES DE COMPUTADORES','redes de computadores'),(97,5,'ROBOTICA MOVEL','robotica movel'),(98,5,'SISTEMA DE TEMPO REAL','sistema de tempo real'),(99,5,'SISTEMAS OPERACIONAIS','sistemas operacionais'),(100,5,'SOFTWARE BASICO','software basico'),(101,5,'TECNOLOGIAS DA INFORMACAO E DA COMUNICACAO','tecnologias da informacao e da comunicacao'),(102,5,'TEORIA DOS GRAFOS','teoria dos grafos'),(103,5,'TEORIA E PRATICA DE SISTEMAS DE INFORMACAO','teoria e pratica de sistemas de informacao'),(104,5,'TOPICOS EM CIENCIA DA COMPUTACAO','topicos em ciencia da computacao'),(105,5,'TOPICOS EM SISTEMAS DE INFORMACAO','topicos em sistemas de informacao'),(106,5,'TOPICOS ESPECIAIS EM INFORMATICA II','topicos especiais em informatica ii'),(107,5,'TÓPICOS EM CIÊNCIA DA COMPUTAÇÃO III','tópicos em ciência da computação iii'),(108,5,'VISAO COMPUTACIONAL','visao computacional'),(109,5,'ÁLGEBRA LINEAR COMPUTACIONAL','álgebra linear computacional');
/*!40000 ALTER TABLE `disciplinas` ENABLE KEYS */;
UNLOCK TABLES;

--
-- Temporary view structure for view `disciplinas_informacoes`
--

DROP TABLE IF EXISTS `disciplinas_informacoes`;
/*!50001 DROP VIEW IF EXISTS `disciplinas_informacoes`*/;
SET @saved_cs_client     = @@character_set_client;
/*!50503 SET character_set_client = utf8mb4 */;
/*!50001 CREATE VIEW `disciplinas_informacoes` AS SELECT 
 1 AS `id`,
 1 AS `nome`,
 1 AS `nome_limpo`,
 1 AS `num_mamao`,
 1 AS `num_penoso`,
 1 AS `num_comentarios`*/;
SET character_set_client = @saved_cs_client;

--
-- Table structure for table `gostei`
--

DROP TABLE IF EXISTS `gostei`;
/*!40101 SET @saved_cs_client     = @@character_set_client */;
/*!50503 SET character_set_client = utf8mb4 */;
CREATE TABLE `gostei` (
  `id` int unsigned NOT NULL AUTO_INCREMENT,
  `id_comentario` int unsigned NOT NULL,
  `id_user` int unsigned NOT NULL,
  PRIMARY KEY (`id`),
  KEY `fk_gostei_1_idx` (`id_comentario`),
  KEY `fk_gostei_2_idx` (`id_user`),
  CONSTRAINT `fk_gostei_1` FOREIGN KEY (`id_comentario`) REFERENCES `comentario` (`id`),
  CONSTRAINT `fk_gostei_2` FOREIGN KEY (`id_user`) REFERENCES `users` (`id`)
) ENGINE=InnoDB AUTO_INCREMENT=2 DEFAULT CHARSET=latin1;
/*!40101 SET character_set_client = @saved_cs_client */;

--
-- Dumping data for table `gostei`
--

LOCK TABLES `gostei` WRITE;
/*!40000 ALTER TABLE `gostei` DISABLE KEYS */;
INSERT INTO `gostei` VALUES (1,8,5);
/*!40000 ALTER TABLE `gostei` ENABLE KEYS */;
UNLOCK TABLES;

--
-- Table structure for table `links`
--

DROP TABLE IF EXISTS `links`;
/*!40101 SET @saved_cs_client     = @@character_set_client */;
/*!50503 SET character_set_client = utf8mb4 */;
CREATE TABLE `links` (
  `id` int NOT NULL AUTO_INCREMENT,
  `id_disciplina` int NOT NULL,
  `id_user` int NOT NULL,
  `titulo` varchar(255) DEFAULT NULL,
  `link` varchar(2000) DEFAULT NULL,
  PRIMARY KEY (`id`)
) ENGINE=InnoDB AUTO_INCREMENT=3 DEFAULT CHARSET=utf8mb4 COLLATE=utf8mb4_0900_ai_ci;
/*!40101 SET character_set_client = @saved_cs_client */;

--
-- Dumping data for table `links`
--

LOCK TABLES `links` WRITE;
/*!40000 ALTER TABLE `links` DISABLE KEYS */;
INSERT INTO `links` VALUES (1,30,5,'Use o Google','https://www.google.com'),(2,30,5,'Ola','google.com');
/*!40000 ALTER TABLE `links` ENABLE KEYS */;
UNLOCK TABLES;

--
-- Table structure for table `mamao`
--

DROP TABLE IF EXISTS `mamao`;
/*!40101 SET @saved_cs_client     = @@character_set_client */;
/*!50503 SET character_set_client = utf8mb4 */;
CREATE TABLE `mamao` (
  `id` int unsigned NOT NULL AUTO_INCREMENT,
  `id_disciplina` int unsigned NOT NULL,
  `id_user` int unsigned NOT NULL,
  PRIMARY KEY (`id`),
  KEY `fk_mamao_1_idx` (`id_disciplina`),
  KEY `fk_mamao_2_idx` (`id_user`),
  CONSTRAINT `fk_mamao_1` FOREIGN KEY (`id_disciplina`) REFERENCES `disciplinas` (`id`),
  CONSTRAINT `fk_mamao_2` FOREIGN KEY (`id_user`) REFERENCES `users` (`id`)
) ENGINE=InnoDB AUTO_INCREMENT=17192 DEFAULT CHARSET=utf8mb4 COLLATE=utf8mb4_0900_ai_ci;
/*!40101 SET character_set_client = @saved_cs_client */;

--
-- Dumping data for table `mamao`
--

LOCK TABLES `mamao` WRITE;
/*!40000 ALTER TABLE `mamao` DISABLE KEYS */;
INSERT INTO `mamao` VALUES (11349,30,5),(11350,30,5),(11351,30,5),(11352,30,5),(11353,30,5),(11354,30,5),(11355,30,5),(11356,30,5),(11357,30,5),(11358,30,5),(11359,30,5),(11360,30,5),(11361,30,5),(11362,30,5),(11363,30,5),(11364,30,5),(11365,30,5),(11366,30,5),(11367,30,5),(11368,30,5),(11369,30,5),(11370,30,5),(11371,30,5),(11372,30,5),(11373,30,5),(11374,30,5),(11375,30,5),(11376,30,5),(11377,30,5),(11378,30,5),(11379,30,5),(11380,30,5),(11381,30,5),(11382,30,5),(11383,30,5),(11384,30,5),(11385,30,5),(11386,30,5),(11387,30,5),(11388,30,5),(11389,30,5),(11390,30,5),(11391,30,5),(11392,30,5),(11393,30,5),(11394,30,5),(11395,30,5),(11396,30,5),(11397,30,5),(11398,30,5),(11399,30,5),(11400,30,5),(11401,30,5),(11402,30,5),(11403,30,5),(11404,30,5),(11405,30,5),(11406,30,5),(11407,30,5),(11408,30,5),(11409,30,5),(11410,30,5),(11411,30,5),(11412,30,5),(11413,30,5),(11414,30,5),(11415,30,5),(11416,30,5),(11417,31,5),(11418,31,5),(11419,31,5),(11420,31,5),(11421,31,5),(11422,31,5),(11423,31,5),(11424,31,5),(11425,31,5),(11426,31,5),(11427,31,5),(11428,31,5),(11429,31,5),(11430,31,5),(11431,31,5),(11432,31,5),(11433,31,5),(11434,31,5),(11435,31,5),(11436,31,5),(11437,31,5),(11438,31,5),(11439,31,5),(11440,31,5),(11441,31,5),(11442,31,5),(11443,31,5),(11444,31,5),(11445,31,5),(11446,31,5),(11447,31,5),(11448,31,5),(11449,31,5),(11450,31,5),(11451,31,5),(11452,31,5),(11453,31,5),(11454,31,5),(11455,31,5),(11456,31,5),(11457,31,5),(11458,31,5),(11459,31,5),(11460,31,5),(11461,31,5),(11462,31,5),(11463,31,5),(11464,31,5),(11465,31,5),(11466,31,5),(11467,31,5),(11468,31,5),(11469,31,5),(11470,31,5),(11471,31,5),(11472,31,5),(11473,31,5),(11474,32,5),(11475,32,5),(11476,32,5),(11477,32,5),(11478,32,5),(11479,32,5),(11480,32,5),(11481,32,5),(11482,32,5),(11483,32,5),(11484,32,5),(11485,32,5),(11486,32,5),(11487,32,5),(11488,32,5),(11489,32,5),(11490,32,5),(11491,32,5),(11492,32,5),(11493,32,5),(11494,32,5),(11495,32,5),(11496,32,5),(11497,32,5),(11498,32,5),(11499,32,5),(11500,32,5),(11501,32,5),(11502,32,5),(11503,32,5),(11504,32,5),(11505,32,5),(11506,32,5),(11507,32,5),(11508,32,5),(11509,32,5),(11510,32,5),(11511,32,5),(11512,32,5),(11513,32,5),(11514,32,5),(11515,32,5),(11516,32,5),(11517,32,5),(11518,32,5),(11519,32,5),(11520,32,5),(11521,32,5),(11522,32,5),(11523,32,5),(11524,32,5),(11525,32,5),(11526,32,5),(11527,32,5),(11528,32,5),(11529,32,5),(11530,33,5),(11531,33,5),(11532,33,5),(11533,33,5),(11534,33,5),(11535,33,5),(11536,33,5),(11537,33,5),(11538,33,5),(11539,33,5),(11540,33,5),(11541,33,5),(11542,33,5),(11543,33,5),(11544,33,5),(11545,33,5),(11546,33,5),(11547,33,5),(11548,33,5),(11549,33,5),(11550,33,5),(11551,33,5),(11552,33,5),(11553,33,5),(11554,33,5),(11555,33,5),(11556,33,5),(11557,33,5),(11558,33,5),(11559,33,5),(11560,33,5),(11561,33,5),(11562,33,5),(11563,33,5),(11564,33,5),(11565,33,5),(11566,33,5),(11567,33,5),(11568,33,5),(11569,33,5),(11570,33,5),(11571,33,5),(11572,33,5),(11573,33,5),(11574,33,5),(11575,33,5),(11576,33,5),(11577,33,5),(11578,33,5),(11579,33,5),(11580,33,5),(11581,33,5),(11582,33,5),(11583,33,5),(11584,33,5),(11585,33,5),(11586,33,5),(11587,33,5),(11588,33,5),(11589,33,5),(11590,33,5),(11591,33,5),(11592,33,5),(11593,33,5),(11594,33,5),(11595,33,5),(11596,33,5),(11597,33,5),(11598,33,5),(11599,33,5),(11600,33,5),(11601,33,5),(11602,33,5),(11603,33,5),(11604,33,5),(11605,33,5),(11606,33,5),(11607,33,5),(11608,33,5),(11609,34,5),(11610,34,5),(11611,34,5),(11612,34,5),(11613,34,5),(11614,34,5),(11615,34,5),(11616,34,5),(11617,34,5),(11618,34,5),(11619,34,5),(11620,34,5),(11621,34,5),(11622,34,5),(11623,34,5),(11624,34,5),(11625,34,5),(11626,34,5),(11627,34,5),(11628,34,5),(11629,34,5),(11630,34,5),(11631,34,5),(11632,34,5),(11633,34,5),(11634,34,5),(11635,34,5),(11636,34,5),(11637,34,5),(11638,34,5),(11639,34,5),(11640,34,5),(11641,34,5),(11642,34,5),(11643,34,5),(11644,34,5),(11645,34,5),(11646,34,5),(11647,34,5),(11648,34,5),(11649,34,5),(11650,34,5),(11651,34,5),(11652,34,5),(11653,34,5),(11654,34,5),(11655,34,5),(11656,34,5),(11657,34,5),(11658,34,5),(11659,34,5),(11660,34,5),(11661,34,5),(11662,34,5),(11663,34,5),(11664,34,5),(11665,34,5),(11666,34,5),(11667,34,5),(11668,34,5),(11669,34,5),(11670,34,5),(11671,34,5),(11672,34,5),(11673,34,5),(11674,34,5),(11675,34,5),(11676,34,5),(11677,34,5),(11678,34,5),(11679,34,5),(11680,34,5),(11681,34,5),(11682,34,5),(11683,34,5),(11684,34,5),(11685,34,5),(11686,34,5),(11687,34,5),(11688,34,5),(11689,34,5),(11690,34,5),(11691,34,5),(11692,34,5),(11693,34,5),(11694,35,5),(11695,35,5),(11696,35,5),(11697,35,5),(11698,35,5),(11699,35,5),(11700,35,5),(11701,35,5),(11702,35,5),(11703,35,5),(11704,35,5),(11705,35,5),(11706,35,5),(11707,35,5),(11708,35,5),(11709,35,5),(11710,35,5),(11711,35,5),(11712,35,5),(11713,35,5),(11714,35,5),(11715,35,5),(11716,35,5),(11717,35,5),(11718,35,5),(11719,35,5),(11720,35,5),(11721,35,5),(11722,35,5),(11723,35,5),(11724,35,5),(11725,35,5),(11726,35,5),(11727,35,5),(11728,35,5),(11729,35,5),(11730,35,5),(11731,35,5),(11732,35,5),(11733,35,5),(11734,35,5),(11735,35,5),(11736,35,5),(11737,35,5),(11738,35,5),(11739,35,5),(11740,35,5),(11741,35,5),(11742,35,5),(11743,35,5),(11744,35,5),(11745,35,5),(11746,35,5),(11747,35,5),(11748,35,5),(11749,35,5),(11750,35,5),(11751,35,5),(11752,35,5),(11753,35,5),(11754,35,5),(11755,35,5),(11756,35,5),(11757,35,5),(11758,35,5),(11759,35,5),(11760,35,5),(11761,35,5),(11762,35,5),(11763,35,5),(11764,35,5),(11765,35,5),(11766,35,5),(11767,35,5),(11768,35,5),(11769,35,5),(11770,35,5),(11771,35,5),(11772,35,5),(11773,35,5),(11774,35,5),(11775,36,5),(11776,36,5),(11777,36,5),(11778,36,5),(11779,36,5),(11780,36,5),(11781,36,5),(11782,36,5),(11783,36,5),(11784,36,5),(11785,36,5),(11786,36,5),(11787,36,5),(11788,36,5),(11789,36,5),(11790,36,5),(11791,36,5),(11792,36,5),(11793,36,5),(11794,36,5),(11795,36,5),(11796,36,5),(11797,36,5),(11798,36,5),(11799,36,5),(11800,36,5),(11801,36,5),(11802,36,5),(11803,36,5),(11804,36,5),(11805,36,5),(11806,36,5),(11807,36,5),(11808,36,5),(11809,36,5),(11810,36,5),(11811,36,5),(11812,36,5),(11813,36,5),(11814,36,5),(11815,36,5),(11816,36,5),(11817,36,5),(11818,36,5),(11819,36,5),(11820,36,5),(11821,36,5),(11822,36,5),(11823,36,5),(11824,36,5),(11825,36,5),(11826,36,5),(11827,36,5),(11828,36,5),(11829,36,5),(11830,36,5),(11831,36,5),(11832,36,5),(11833,36,5),(11834,36,5),(11835,36,5),(11836,36,5),(11837,36,5),(11838,36,5),(11839,36,5),(11840,36,5),(11841,36,5),(11842,36,5),(11843,36,5),(11844,36,5),(11845,36,5),(11846,36,5),(11847,36,5),(11848,36,5),(11849,36,5),(11850,36,5),(11851,36,5),(11852,36,5),(11853,36,5),(11854,36,5),(11855,36,5),(11856,36,5),(11857,36,5),(11858,36,5),(11859,36,5),(11860,37,5),(11861,37,5),(11862,37,5),(11863,37,5),(11864,37,5),(11865,37,5),(11866,37,5),(11867,37,5),(11868,37,5),(11869,37,5),(11870,37,5),(11871,37,5),(11872,37,5),(11873,37,5),(11874,37,5),(11875,37,5),(11876,37,5),(11877,37,5),(11878,37,5),(11879,37,5),(11880,37,5),(11881,37,5),(11882,37,5),(11883,37,5),(11884,37,5),(11885,37,5),(11886,37,5),(11887,37,5),(11888,37,5),(11889,37,5),(11890,37,5),(11891,37,5),(11892,37,5),(11893,37,5),(11894,37,5),(11895,37,5),(11896,37,5),(11897,37,5),(11898,37,5),(11899,37,5),(11900,37,5),(11901,37,5),(11902,37,5),(11903,37,5),(11904,37,5),(11905,37,5),(11906,37,5),(11907,37,5),(11908,37,5),(11909,37,5),(11910,37,5),(11911,37,5),(11912,37,5),(11913,37,5),(11914,37,5),(11915,37,5),(11916,37,5),(11917,37,5),(11918,37,5),(11919,37,5),(11920,37,5),(11921,37,5),(11922,37,5),(11923,37,5),(11924,37,5),(11925,37,5),(11926,37,5),(11927,37,5),(11928,37,5),(11929,38,5),(11930,38,5),(11931,38,5),(11932,38,5),(11933,38,5),(11934,38,5),(11935,38,5),(11936,38,5),(11937,38,5),(11938,38,5),(11939,38,5),(11940,38,5),(11941,38,5),(11942,38,5),(11943,38,5),(11944,38,5),(11945,38,5),(11946,38,5),(11947,38,5),(11948,38,5),(11949,38,5),(11950,38,5),(11951,38,5),(11952,38,5),(11953,38,5),(11954,38,5),(11955,38,5),(11956,38,5),(11957,38,5),(11958,38,5),(11959,38,5),(11960,38,5),(11961,38,5),(11962,38,5),(11963,38,5),(11964,38,5),(11965,38,5),(11966,38,5),(11967,38,5),(11968,38,5),(11969,38,5),(11970,38,5),(11971,38,5),(11972,38,5),(11973,38,5),(11974,38,5),(11975,38,5),(11976,38,5),(11977,38,5),(11978,38,5),(11979,38,5),(11980,38,5),(11981,38,5),(11982,38,5),(11983,38,5),(11984,38,5),(11985,38,5),(11986,38,5),(11987,38,5),(11988,38,5),(11989,38,5),(11990,38,5),(11991,38,5),(11992,38,5),(11993,38,5),(11994,38,5),(11995,38,5),(11996,38,5),(11997,38,5),(11998,38,5),(11999,38,5),(12000,38,5),(12001,38,5),(12002,38,5),(12003,38,5),(12004,38,5),(12005,38,5),(12006,38,5),(12007,38,5),(12008,38,5),(12009,38,5),(12010,38,5),(12011,38,5),(12012,38,5),(12013,38,5),(12014,38,5),(12015,38,5),(12016,38,5),(12017,38,5),(12018,38,5),(12019,38,5),(12020,38,5),(12021,38,5),(12022,38,5),(12023,38,5),(12024,38,5),(12025,38,5),(12026,39,5),(12027,39,5),(12028,39,5),(12029,39,5),(12030,39,5),(12031,39,5),(12032,39,5),(12033,39,5),(12034,39,5),(12035,39,5),(12036,39,5),(12037,39,5),(12038,39,5),(12039,39,5),(12040,39,5),(12041,39,5),(12042,39,5),(12043,39,5),(12044,39,5),(12045,39,5),(12046,39,5),(12047,39,5),(12048,39,5),(12049,39,5),(12050,39,5),(12051,39,5),(12052,39,5),(12053,39,5),(12054,39,5),(12055,39,5),(12056,39,5),(12057,39,5),(12058,39,5),(12059,39,5),(12060,39,5),(12061,39,5),(12062,39,5),(12063,39,5),(12064,39,5),(12065,39,5),(12066,39,5),(12067,39,5),(12068,39,5),(12069,39,5),(12070,39,5),(12071,39,5),(12072,39,5),(12073,39,5),(12074,39,5),(12075,39,5),(12076,39,5),(12077,39,5),(12078,39,5),(12079,39,5),(12080,39,5),(12081,39,5),(12082,39,5),(12083,39,5),(12084,39,5),(12085,39,5),(12086,39,5),(12087,39,5),(12088,39,5),(12089,39,5),(12090,39,5),(12091,39,5),(12092,39,5),(12093,39,5),(12094,39,5),(12095,39,5),(12096,39,5),(12097,39,5),(12098,40,5),(12099,40,5),(12100,40,5),(12101,40,5),(12102,40,5),(12103,40,5),(12104,40,5),(12105,40,5),(12106,40,5),(12107,40,5),(12108,40,5),(12109,40,5),(12110,40,5),(12111,40,5),(12112,40,5),(12113,40,5),(12114,40,5),(12115,40,5),(12116,40,5),(12117,40,5),(12118,40,5),(12119,40,5),(12120,40,5),(12121,40,5),(12122,40,5),(12123,40,5),(12124,40,5),(12125,40,5),(12126,40,5),(12127,40,5),(12128,40,5),(12129,40,5),(12130,40,5),(12131,40,5),(12132,40,5),(12133,40,5),(12134,40,5),(12135,40,5),(12136,40,5),(12137,40,5),(12138,40,5),(12139,40,5),(12140,40,5),(12141,40,5),(12142,40,5),(12143,40,5),(12144,40,5),(12145,40,5),(12146,40,5),(12147,40,5),(12148,40,5),(12149,40,5),(12150,40,5),(12151,40,5),(12152,40,5),(12153,40,5),(12154,40,5),(12155,40,5),(12156,40,5),(12157,40,5),(12158,40,5),(12159,40,5),(12160,40,5),(12161,40,5),(12162,40,5),(12163,40,5),(12164,40,5),(12165,40,5),(12166,40,5),(12167,40,5),(12168,40,5),(12169,41,5),(12170,41,5),(12171,41,5),(12172,41,5),(12173,41,5),(12174,41,5),(12175,41,5),(12176,41,5),(12177,41,5),(12178,41,5),(12179,41,5),(12180,41,5),(12181,41,5),(12182,41,5),(12183,41,5),(12184,41,5),(12185,41,5),(12186,41,5),(12187,41,5),(12188,41,5),(12189,41,5),(12190,41,5),(12191,41,5),(12192,41,5),(12193,41,5),(12194,41,5),(12195,41,5),(12196,41,5),(12197,41,5),(12198,41,5),(12199,41,5),(12200,41,5),(12201,41,5),(12202,41,5),(12203,41,5),(12204,41,5),(12205,41,5),(12206,41,5),(12207,41,5),(12208,41,5),(12209,41,5),(12210,41,5),(12211,41,5),(12212,41,5),(12213,41,5),(12214,41,5),(12215,41,5),(12216,41,5),(12217,41,5),(12218,41,5),(12219,41,5),(12220,41,5),(12221,41,5),(12222,41,5),(12223,41,5),(12224,41,5),(12225,41,5),(12226,41,5),(12227,41,5),(12228,41,5),(12229,41,5),(12230,42,5),(12231,42,5),(12232,42,5),(12233,42,5),(12234,42,5),(12235,42,5),(12236,42,5),(12237,42,5),(12238,42,5),(12239,42,5),(12240,42,5),(12241,42,5),(12242,42,5),(12243,42,5),(12244,42,5),(12245,42,5),(12246,42,5),(12247,42,5),(12248,42,5),(12249,42,5),(12250,42,5),(12251,42,5),(12252,42,5),(12253,42,5),(12254,42,5),(12255,42,5),(12256,42,5),(12257,42,5),(12258,42,5),(12259,42,5),(12260,42,5),(12261,42,5),(12262,42,5),(12263,42,5),(12264,42,5),(12265,42,5),(12266,42,5),(12267,42,5),(12268,42,5),(12269,42,5),(12270,42,5),(12271,42,5),(12272,42,5),(12273,42,5),(12274,42,5),(12275,42,5),(12276,42,5),(12277,42,5),(12278,42,5),(12279,42,5),(12280,42,5),(12281,42,5),(12282,42,5),(12283,42,5),(12284,42,5),(12285,42,5),(12286,42,5),(12287,42,5),(12288,42,5),(12289,42,5),(12290,42,5),(12291,42,5),(12292,42,5),(12293,42,5),(12294,42,5),(12295,42,5),(12296,42,5),(12297,42,5),(12298,42,5),(12299,42,5),(12300,42,5),(12301,42,5),(12302,42,5),(12303,42,5),(12304,42,5),(12305,42,5),(12306,42,5),(12307,42,5),(12308,42,5),(12309,42,5),(12310,42,5),(12311,42,5),(12312,42,5),(12313,42,5),(12314,43,5),(12315,43,5),(12316,43,5),(12317,43,5),(12318,43,5),(12319,43,5),(12320,43,5),(12321,43,5),(12322,43,5),(12323,43,5),(12324,43,5),(12325,43,5),(12326,43,5),(12327,43,5),(12328,43,5),(12329,43,5),(12330,43,5),(12331,43,5),(12332,43,5),(12333,43,5),(12334,43,5),(12335,43,5),(12336,43,5),(12337,43,5),(12338,43,5),(12339,43,5),(12340,43,5),(12341,43,5),(12342,43,5),(12343,43,5),(12344,43,5),(12345,43,5),(12346,43,5),(12347,43,5),(12348,43,5),(12349,43,5),(12350,43,5),(12351,43,5),(12352,43,5),(12353,43,5),(12354,43,5),(12355,43,5),(12356,43,5),(12357,43,5),(12358,43,5),(12359,43,5),(12360,43,5),(12361,43,5),(12362,43,5),(12363,43,5),(12364,43,5),(12365,43,5),(12366,43,5),(12367,43,5),(12368,43,5),(12369,44,5),(12370,44,5),(12371,44,5),(12372,44,5),(12373,44,5),(12374,44,5),(12375,44,5),(12376,44,5),(12377,44,5),(12378,44,5),(12379,44,5),(12380,44,5),(12381,44,5),(12382,44,5),(12383,44,5),(12384,44,5),(12385,44,5),(12386,44,5),(12387,44,5),(12388,44,5),(12389,44,5),(12390,44,5),(12391,44,5),(12392,44,5),(12393,44,5),(12394,44,5),(12395,44,5),(12396,44,5),(12397,44,5),(12398,44,5),(12399,44,5),(12400,44,5),(12401,44,5),(12402,44,5),(12403,44,5),(12404,44,5),(12405,44,5),(12406,44,5),(12407,44,5),(12408,44,5),(12409,44,5),(12410,44,5),(12411,44,5),(12412,44,5),(12413,44,5),(12414,44,5),(12415,44,5),(12416,44,5),(12417,44,5),(12418,44,5),(12419,44,5),(12420,44,5),(12421,44,5),(12422,44,5),(12423,44,5),(12424,44,5),(12425,44,5),(12426,44,5),(12427,44,5),(12428,44,5),(12429,44,5),(12430,44,5),(12431,44,5),(12432,44,5),(12433,44,5),(12434,45,5),(12435,45,5),(12436,45,5),(12437,45,5),(12438,45,5),(12439,45,5),(12440,45,5),(12441,45,5),(12442,45,5),(12443,45,5),(12444,45,5),(12445,45,5),(12446,45,5),(12447,45,5),(12448,45,5),(12449,45,5),(12450,45,5),(12451,45,5),(12452,45,5),(12453,45,5),(12454,45,5),(12455,45,5),(12456,45,5),(12457,45,5),(12458,45,5),(12459,45,5),(12460,45,5),(12461,45,5),(12462,45,5),(12463,45,5),(12464,45,5),(12465,45,5),(12466,45,5),(12467,45,5),(12468,45,5),(12469,45,5),(12470,45,5),(12471,45,5),(12472,45,5),(12473,45,5),(12474,45,5),(12475,45,5),(12476,45,5),(12477,45,5),(12478,45,5),(12479,45,5),(12480,45,5),(12481,45,5),(12482,45,5),(12483,45,5),(12484,45,5),(12485,45,5),(12486,45,5),(12487,45,5),(12488,45,5),(12489,45,5),(12490,45,5),(12491,45,5),(12492,45,5),(12493,45,5),(12494,45,5),(12495,45,5),(12496,45,5),(12497,45,5),(12498,45,5),(12499,45,5),(12500,45,5),(12501,45,5),(12502,45,5),(12503,45,5),(12504,45,5),(12505,45,5),(12506,45,5),(12507,45,5),(12508,45,5),(12509,45,5),(12510,45,5),(12511,45,5),(12512,45,5),(12513,45,5),(12514,45,5),(12515,45,5),(12516,45,5),(12517,45,5),(12518,45,5),(12519,45,5),(12520,45,5),(12521,45,5),(12522,45,5),(12523,45,5),(12524,45,5),(12525,45,5),(12526,45,5),(12527,45,5),(12528,45,5),(12529,45,5),(12530,45,5),(12531,45,5),(12532,46,5),(12533,46,5),(12534,46,5),(12535,46,5),(12536,46,5),(12537,46,5),(12538,46,5),(12539,46,5),(12540,46,5),(12541,46,5),(12542,46,5),(12543,46,5),(12544,46,5),(12545,46,5),(12546,46,5),(12547,46,5),(12548,46,5),(12549,46,5),(12550,46,5),(12551,46,5),(12552,46,5),(12553,46,5),(12554,46,5),(12555,46,5),(12556,46,5),(12557,46,5),(12558,46,5),(12559,46,5),(12560,46,5),(12561,46,5),(12562,46,5),(12563,46,5),(12564,46,5),(12565,46,5),(12566,46,5),(12567,46,5),(12568,46,5),(12569,46,5),(12570,46,5),(12571,46,5),(12572,46,5),(12573,46,5),(12574,46,5),(12575,46,5),(12576,46,5),(12577,46,5),(12578,46,5),(12579,46,5),(12580,46,5),(12581,46,5),(12582,46,5),(12583,46,5),(12584,46,5),(12585,46,5),(12586,46,5),(12587,46,5),(12588,46,5),(12589,46,5),(12590,46,5),(12591,46,5),(12592,46,5),(12593,46,5),(12594,46,5),(12595,46,5),(12596,46,5),(12597,46,5),(12598,46,5),(12599,46,5),(12600,46,5),(12601,46,5),(12602,46,5),(12603,46,5),(12604,46,5),(12605,46,5),(12606,46,5),(12607,46,5),(12608,46,5),(12609,46,5),(12610,46,5),(12611,46,5),(12612,47,5),(12613,47,5),(12614,47,5),(12615,47,5),(12616,47,5),(12617,47,5),(12618,47,5),(12619,47,5),(12620,47,5),(12621,47,5),(12622,47,5),(12623,47,5),(12624,47,5),(12625,47,5),(12626,47,5),(12627,47,5),(12628,47,5),(12629,47,5),(12630,47,5),(12631,47,5),(12632,47,5),(12633,47,5),(12634,47,5),(12635,47,5),(12636,47,5),(12637,47,5),(12638,47,5),(12639,47,5),(12640,47,5),(12641,47,5),(12642,47,5),(12643,47,5),(12644,47,5),(12645,47,5),(12646,47,5),(12647,47,5),(12648,47,5),(12649,47,5),(12650,47,5),(12651,47,5),(12652,47,5),(12653,47,5),(12654,47,5),(12655,47,5),(12656,47,5),(12657,47,5),(12658,47,5),(12659,47,5),(12660,47,5),(12661,47,5),(12662,47,5),(12663,47,5),(12664,47,5),(12665,47,5),(12666,47,5),(12667,47,5),(12668,47,5),(12669,47,5),(12670,47,5),(12671,47,5),(12672,47,5),(12673,47,5),(12674,47,5),(12675,47,5),(12676,47,5),(12677,47,5),(12678,47,5),(12679,47,5),(12680,47,5),(12681,47,5),(12682,47,5),(12683,47,5),(12684,47,5),(12685,47,5),(12686,47,5),(12687,47,5),(12688,47,5),(12689,47,5),(12690,47,5),(12691,47,5),(12692,47,5),(12693,47,5),(12694,47,5),(12695,47,5),(12696,47,5),(12697,47,5),(12698,47,5),(12699,47,5),(12700,47,5),(12701,47,5),(12702,48,5),(12703,48,5),(12704,48,5),(12705,48,5),(12706,48,5),(12707,48,5),(12708,48,5),(12709,48,5),(12710,48,5),(12711,48,5),(12712,48,5),(12713,48,5),(12714,48,5),(12715,48,5),(12716,48,5),(12717,48,5),(12718,48,5),(12719,48,5),(12720,48,5),(12721,48,5),(12722,48,5),(12723,48,5),(12724,48,5),(12725,48,5),(12726,48,5),(12727,48,5),(12728,48,5),(12729,48,5),(12730,48,5),(12731,48,5),(12732,48,5),(12733,48,5),(12734,48,5),(12735,48,5),(12736,48,5),(12737,48,5),(12738,48,5),(12739,48,5),(12740,48,5),(12741,48,5),(12742,48,5),(12743,48,5),(12744,48,5),(12745,48,5),(12746,48,5),(12747,48,5),(12748,48,5),(12749,48,5),(12750,48,5),(12751,48,5),(12752,48,5),(12753,48,5),(12754,48,5),(12755,48,5),(12756,48,5),(12757,48,5),(12758,48,5),(12759,48,5),(12760,48,5),(12761,48,5),(12762,48,5),(12763,48,5),(12764,48,5),(12765,48,5),(12766,48,5),(12767,48,5),(12768,48,5),(12769,48,5),(12770,48,5),(12771,48,5),(12772,48,5),(12773,48,5),(12774,48,5),(12775,48,5),(12776,48,5),(12777,48,5),(12778,48,5),(12779,48,5),(12780,48,5),(12781,48,5),(12782,48,5),(12783,48,5),(12784,48,5),(12785,48,5),(12786,48,5),(12787,48,5),(12788,48,5),(12789,48,5),(12790,48,5),(12791,48,5),(12792,49,5),(12793,49,5),(12794,49,5),(12795,49,5),(12796,49,5),(12797,49,5),(12798,49,5),(12799,49,5),(12800,49,5),(12801,49,5),(12802,49,5),(12803,49,5),(12804,49,5),(12805,49,5),(12806,49,5),(12807,49,5),(12808,49,5),(12809,49,5),(12810,49,5),(12811,49,5),(12812,49,5),(12813,49,5),(12814,49,5),(12815,49,5),(12816,49,5),(12817,49,5),(12818,49,5),(12819,49,5),(12820,49,5),(12821,49,5),(12822,49,5),(12823,49,5),(12824,49,5),(12825,49,5),(12826,49,5),(12827,49,5),(12828,49,5),(12829,49,5),(12830,49,5),(12831,49,5),(12832,49,5),(12833,49,5),(12834,49,5),(12835,49,5),(12836,49,5),(12837,49,5),(12838,49,5),(12839,49,5),(12840,49,5),(12841,49,5),(12842,49,5),(12843,49,5),(12844,49,5),(12845,49,5),(12846,49,5),(12847,49,5),(12848,49,5),(12849,49,5),(12850,49,5),(12851,49,5),(12852,49,5),(12853,49,5),(12854,49,5),(12855,49,5),(12856,49,5),(12857,49,5),(12858,49,5),(12859,49,5),(12860,49,5),(12861,49,5),(12862,49,5),(12863,49,5),(12864,49,5),(12865,49,5),(12866,49,5),(12867,49,5),(12868,49,5),(12869,49,5),(12870,49,5),(12871,49,5),(12872,49,5),(12873,49,5),(12874,49,5),(12875,49,5),(12876,49,5),(12877,49,5),(12878,49,5),(12879,49,5),(12880,49,5),(12881,49,5),(12882,49,5),(12883,49,5),(12884,50,5),(12885,50,5),(12886,50,5),(12887,50,5),(12888,50,5),(12889,50,5),(12890,50,5),(12891,50,5),(12892,50,5),(12893,50,5),(12894,50,5),(12895,50,5),(12896,50,5),(12897,50,5),(12898,50,5),(12899,50,5),(12900,50,5),(12901,50,5),(12902,50,5),(12903,50,5),(12904,50,5),(12905,50,5),(12906,50,5),(12907,50,5),(12908,50,5),(12909,50,5),(12910,50,5),(12911,50,5),(12912,50,5),(12913,50,5),(12914,50,5),(12915,50,5),(12916,50,5),(12917,50,5),(12918,50,5),(12919,50,5),(12920,50,5),(12921,50,5),(12922,50,5),(12923,50,5),(12924,50,5),(12925,50,5),(12926,50,5),(12927,50,5),(12928,50,5),(12929,50,5),(12930,50,5),(12931,50,5),(12932,50,5),(12933,50,5),(12934,50,5),(12935,50,5),(12936,50,5),(12937,50,5),(12938,50,5),(12939,50,5),(12940,50,5),(12941,50,5),(12942,50,5),(12943,50,5),(12944,50,5),(12945,50,5),(12946,50,5),(12947,50,5),(12948,50,5),(12949,50,5),(12950,50,5),(12951,50,5),(12952,50,5),(12953,50,5),(12954,50,5),(12955,50,5),(12956,50,5),(12957,50,5),(12958,50,5),(12959,50,5),(12960,50,5),(12961,50,5),(12962,50,5),(12963,50,5),(12964,50,5),(12965,50,5),(12966,50,5),(12967,50,5),(12968,50,5),(12969,50,5),(12970,50,5),(12971,50,5),(12972,50,5),(12973,50,5),(12974,50,5),(12975,50,5),(12976,51,5),(12977,51,5),(12978,51,5),(12979,51,5),(12980,51,5),(12981,51,5),(12982,51,5),(12983,51,5),(12984,51,5),(12985,51,5),(12986,51,5),(12987,51,5),(12988,51,5),(12989,51,5),(12990,51,5),(12991,51,5),(12992,51,5),(12993,51,5),(12994,51,5),(12995,51,5),(12996,51,5),(12997,51,5),(12998,51,5),(12999,51,5),(13000,51,5),(13001,51,5),(13002,51,5),(13003,51,5),(13004,51,5),(13005,51,5),(13006,51,5),(13007,51,5),(13008,51,5),(13009,51,5),(13010,51,5),(13011,51,5),(13012,51,5),(13013,51,5),(13014,51,5),(13015,51,5),(13016,51,5),(13017,51,5),(13018,51,5),(13019,51,5),(13020,51,5),(13021,51,5),(13022,51,5),(13023,51,5),(13024,51,5),(13025,51,5),(13026,51,5),(13027,51,5),(13028,51,5),(13029,51,5),(13030,51,5),(13031,51,5),(13032,51,5),(13033,51,5),(13034,51,5),(13035,51,5),(13036,51,5),(13037,51,5),(13038,51,5),(13039,51,5),(13040,51,5),(13041,51,5),(13042,51,5),(13043,51,5),(13044,51,5),(13045,51,5),(13046,51,5),(13047,51,5),(13048,51,5),(13049,51,5),(13050,51,5),(13051,51,5),(13052,51,5),(13053,51,5),(13054,51,5),(13055,51,5),(13056,52,5),(13057,52,5),(13058,52,5),(13059,52,5),(13060,52,5),(13061,52,5),(13062,52,5),(13063,52,5),(13064,52,5),(13065,52,5),(13066,52,5),(13067,52,5),(13068,52,5),(13069,52,5),(13070,52,5),(13071,52,5),(13072,52,5),(13073,52,5),(13074,52,5),(13075,52,5),(13076,52,5),(13077,52,5),(13078,52,5),(13079,52,5),(13080,52,5),(13081,52,5),(13082,52,5),(13083,52,5),(13084,52,5),(13085,52,5),(13086,52,5),(13087,52,5),(13088,52,5),(13089,52,5),(13090,52,5),(13091,52,5),(13092,52,5),(13093,52,5),(13094,52,5),(13095,52,5),(13096,52,5),(13097,52,5),(13098,52,5),(13099,52,5),(13100,52,5),(13101,52,5),(13102,52,5),(13103,52,5),(13104,52,5),(13105,52,5),(13106,52,5),(13107,52,5),(13108,52,5),(13109,52,5),(13110,52,5),(13111,52,5),(13112,52,5),(13113,52,5),(13114,52,5),(13115,52,5),(13116,52,5),(13117,52,5),(13118,52,5),(13119,52,5),(13120,52,5),(13121,52,5),(13122,52,5),(13123,52,5),(13124,52,5),(13125,52,5),(13126,52,5),(13127,52,5),(13128,52,5),(13129,52,5),(13130,52,5),(13131,53,5),(13132,53,5),(13133,53,5),(13134,53,5),(13135,53,5),(13136,53,5),(13137,53,5),(13138,53,5),(13139,53,5),(13140,53,5),(13141,53,5),(13142,53,5),(13143,53,5),(13144,53,5),(13145,53,5),(13146,53,5),(13147,53,5),(13148,53,5),(13149,53,5),(13150,53,5),(13151,53,5),(13152,53,5),(13153,53,5),(13154,53,5),(13155,53,5),(13156,53,5),(13157,53,5),(13158,53,5),(13159,53,5),(13160,53,5),(13161,53,5),(13162,53,5),(13163,53,5),(13164,53,5),(13165,53,5),(13166,53,5),(13167,53,5),(13168,53,5),(13169,53,5),(13170,53,5),(13171,53,5),(13172,53,5),(13173,53,5),(13174,53,5),(13175,53,5),(13176,53,5),(13177,53,5),(13178,53,5),(13179,53,5),(13180,53,5),(13181,53,5),(13182,53,5),(13183,53,5),(13184,53,5),(13185,53,5),(13186,53,5),(13187,53,5),(13188,53,5),(13189,53,5),(13190,53,5),(13191,53,5),(13192,53,5),(13193,53,5),(13194,53,5),(13195,53,5),(13196,53,5),(13197,53,5),(13198,53,5),(13199,53,5),(13200,53,5),(13201,53,5),(13202,53,5),(13203,53,5),(13204,53,5),(13205,53,5),(13206,53,5),(13207,53,5),(13208,53,5),(13209,53,5),(13210,53,5),(13211,53,5),(13212,53,5),(13213,53,5),(13214,53,5),(13215,53,5),(13216,53,5),(13217,53,5),(13218,53,5),(13219,54,5),(13220,54,5),(13221,54,5),(13222,54,5),(13223,54,5),(13224,54,5),(13225,54,5),(13226,54,5),(13227,54,5),(13228,54,5),(13229,54,5),(13230,54,5),(13231,54,5),(13232,54,5),(13233,54,5),(13234,54,5),(13235,54,5),(13236,54,5),(13237,54,5),(13238,54,5),(13239,54,5),(13240,54,5),(13241,54,5),(13242,54,5),(13243,54,5),(13244,54,5),(13245,54,5),(13246,54,5),(13247,54,5),(13248,54,5),(13249,54,5),(13250,54,5),(13251,54,5),(13252,54,5),(13253,54,5),(13254,54,5),(13255,54,5),(13256,54,5),(13257,54,5),(13258,54,5),(13259,54,5),(13260,54,5),(13261,54,5),(13262,54,5),(13263,54,5),(13264,54,5),(13265,54,5),(13266,54,5),(13267,54,5),(13268,54,5),(13269,54,5),(13270,54,5),(13271,54,5),(13272,54,5),(13273,54,5),(13274,54,5),(13275,54,5),(13276,54,5),(13277,54,5),(13278,54,5),(13279,54,5),(13280,54,5),(13281,54,5),(13282,54,5),(13283,54,5),(13284,54,5),(13285,54,5),(13286,54,5),(13287,54,5),(13288,54,5),(13289,54,5),(13290,54,5),(13291,54,5),(13292,54,5),(13293,54,5),(13294,54,5),(13295,54,5),(13296,54,5),(13297,54,5),(13298,54,5),(13299,54,5),(13300,54,5),(13301,54,5),(13302,54,5),(13303,54,5),(13304,54,5),(13305,54,5),(13306,54,5),(13307,54,5),(13308,54,5),(13309,54,5),(13310,54,5),(13311,54,5),(13312,54,5),(13313,55,5),(13314,55,5),(13315,55,5),(13316,55,5),(13317,55,5),(13318,55,5),(13319,55,5),(13320,55,5),(13321,55,5),(13322,55,5),(13323,55,5),(13324,55,5),(13325,55,5),(13326,55,5),(13327,55,5),(13328,55,5),(13329,55,5),(13330,55,5),(13331,55,5),(13332,55,5),(13333,55,5),(13334,55,5),(13335,55,5),(13336,55,5),(13337,55,5),(13338,55,5),(13339,55,5),(13340,55,5),(13341,55,5),(13342,55,5),(13343,55,5),(13344,55,5),(13345,55,5),(13346,55,5),(13347,55,5),(13348,55,5),(13349,55,5),(13350,55,5),(13351,55,5),(13352,55,5),(13353,55,5),(13354,55,5),(13355,55,5),(13356,55,5),(13357,55,5),(13358,55,5),(13359,55,5),(13360,55,5),(13361,55,5),(13362,55,5),(13363,55,5),(13364,55,5),(13365,55,5),(13366,55,5),(13367,55,5),(13368,55,5),(13369,55,5),(13370,55,5),(13371,55,5),(13372,55,5),(13373,55,5),(13374,55,5),(13375,55,5),(13376,55,5),(13377,55,5),(13378,55,5),(13379,55,5),(13380,55,5),(13381,55,5),(13382,55,5),(13383,55,5),(13384,55,5),(13385,55,5),(13386,55,5),(13387,55,5),(13388,56,5),(13389,56,5),(13390,56,5),(13391,56,5),(13392,56,5),(13393,56,5),(13394,56,5),(13395,56,5),(13396,56,5),(13397,56,5),(13398,56,5),(13399,56,5),(13400,56,5),(13401,56,5),(13402,56,5),(13403,56,5),(13404,56,5),(13405,56,5),(13406,56,5),(13407,56,5),(13408,56,5),(13409,56,5),(13410,56,5),(13411,56,5),(13412,56,5),(13413,56,5),(13414,56,5),(13415,56,5),(13416,56,5),(13417,56,5),(13418,56,5),(13419,56,5),(13420,56,5),(13421,56,5),(13422,56,5),(13423,56,5),(13424,56,5),(13425,56,5),(13426,56,5),(13427,56,5),(13428,56,5),(13429,56,5),(13430,56,5),(13431,56,5),(13432,56,5),(13433,56,5),(13434,56,5),(13435,56,5),(13436,56,5),(13437,56,5),(13438,56,5),(13439,56,5),(13440,56,5),(13441,56,5),(13442,56,5),(13443,56,5),(13444,56,5),(13445,56,5),(13446,56,5),(13447,56,5),(13448,56,5),(13449,56,5),(13450,56,5),(13451,56,5),(13452,56,5),(13453,56,5),(13454,56,5),(13455,56,5),(13456,56,5),(13457,56,5),(13458,56,5),(13459,56,5),(13460,56,5),(13461,56,5),(13462,56,5),(13463,56,5),(13464,56,5),(13465,56,5),(13466,56,5),(13467,56,5),(13468,56,5),(13469,56,5),(13470,56,5),(13471,56,5),(13472,56,5),(13473,56,5),(13474,56,5),(13475,56,5),(13476,56,5),(13477,56,5),(13478,56,5),(13479,56,5),(13480,56,5),(13481,57,5),(13482,57,5),(13483,57,5),(13484,57,5),(13485,57,5),(13486,57,5),(13487,57,5),(13488,57,5),(13489,57,5),(13490,57,5),(13491,57,5),(13492,57,5),(13493,57,5),(13494,57,5),(13495,57,5),(13496,57,5),(13497,57,5),(13498,57,5),(13499,57,5),(13500,57,5),(13501,57,5),(13502,57,5),(13503,57,5),(13504,57,5),(13505,57,5),(13506,57,5),(13507,57,5),(13508,57,5),(13509,57,5),(13510,57,5),(13511,57,5),(13512,57,5),(13513,57,5),(13514,57,5),(13515,57,5),(13516,57,5),(13517,57,5),(13518,57,5),(13519,57,5),(13520,57,5),(13521,57,5),(13522,57,5),(13523,57,5),(13524,57,5),(13525,57,5),(13526,57,5),(13527,57,5),(13528,57,5),(13529,57,5),(13530,57,5),(13531,57,5),(13532,57,5),(13533,57,5),(13534,57,5),(13535,57,5),(13536,57,5),(13537,57,5),(13538,57,5),(13539,57,5),(13540,57,5),(13541,57,5),(13542,57,5),(13543,57,5),(13544,57,5),(13545,57,5),(13546,57,5),(13547,57,5),(13548,57,5),(13549,57,5),(13550,57,5),(13551,57,5),(13552,57,5),(13553,57,5),(13554,57,5),(13555,57,5),(13556,57,5),(13557,57,5),(13558,58,5),(13559,58,5),(13560,58,5),(13561,58,5),(13562,58,5),(13563,58,5),(13564,58,5),(13565,58,5),(13566,58,5),(13567,58,5),(13568,58,5),(13569,58,5),(13570,58,5),(13571,58,5),(13572,58,5),(13573,58,5),(13574,58,5),(13575,58,5),(13576,58,5),(13577,58,5),(13578,58,5),(13579,58,5),(13580,58,5),(13581,58,5),(13582,58,5),(13583,58,5),(13584,58,5),(13585,58,5),(13586,58,5),(13587,58,5),(13588,58,5),(13589,58,5),(13590,58,5),(13591,58,5),(13592,58,5),(13593,58,5),(13594,58,5),(13595,58,5),(13596,58,5),(13597,58,5),(13598,58,5),(13599,58,5),(13600,58,5),(13601,58,5),(13602,58,5),(13603,58,5),(13604,58,5),(13605,58,5),(13606,58,5),(13607,58,5),(13608,58,5),(13609,58,5),(13610,58,5),(13611,58,5),(13612,58,5),(13613,58,5),(13614,58,5),(13615,58,5),(13616,58,5),(13617,58,5),(13618,58,5),(13619,58,5),(13620,58,5),(13621,58,5),(13622,58,5),(13623,58,5),(13624,58,5),(13625,58,5),(13626,58,5),(13627,58,5),(13628,58,5),(13629,58,5),(13630,58,5),(13631,58,5),(13632,58,5),(13633,58,5),(13634,58,5),(13635,58,5),(13636,58,5),(13637,58,5),(13638,59,5),(13639,59,5),(13640,59,5),(13641,59,5),(13642,59,5),(13643,59,5),(13644,59,5),(13645,59,5),(13646,59,5),(13647,59,5),(13648,59,5),(13649,59,5),(13650,59,5),(13651,59,5),(13652,59,5),(13653,59,5),(13654,59,5),(13655,59,5),(13656,59,5),(13657,59,5),(13658,59,5),(13659,59,5),(13660,59,5),(13661,59,5),(13662,59,5),(13663,59,5),(13664,59,5),(13665,59,5),(13666,59,5),(13667,59,5),(13668,59,5),(13669,59,5),(13670,59,5),(13671,59,5),(13672,59,5),(13673,59,5),(13674,59,5),(13675,59,5),(13676,59,5),(13677,59,5),(13678,59,5),(13679,59,5),(13680,59,5),(13681,59,5),(13682,59,5),(13683,59,5),(13684,59,5),(13685,59,5),(13686,59,5),(13687,59,5),(13688,59,5),(13689,59,5),(13690,59,5),(13691,59,5),(13692,59,5),(13693,59,5),(13694,59,5),(13695,59,5),(13696,59,5),(13697,59,5),(13698,59,5),(13699,59,5),(13700,59,5),(13701,59,5),(13702,59,5),(13703,59,5),(13704,59,5),(13705,59,5),(13706,59,5),(13707,59,5),(13708,59,5),(13709,59,5),(13710,59,5),(13711,59,5),(13712,59,5),(13713,59,5),(13714,59,5),(13715,59,5),(13716,59,5),(13717,59,5),(13718,59,5),(13719,59,5),(13720,59,5),(13721,59,5),(13722,59,5),(13723,60,5),(13724,60,5),(13725,60,5),(13726,60,5),(13727,60,5),(13728,60,5),(13729,60,5),(13730,60,5),(13731,60,5),(13732,60,5),(13733,60,5),(13734,60,5),(13735,60,5),(13736,60,5),(13737,60,5),(13738,60,5),(13739,60,5),(13740,60,5),(13741,60,5),(13742,60,5),(13743,60,5),(13744,60,5),(13745,60,5),(13746,60,5),(13747,60,5),(13748,60,5),(13749,60,5),(13750,60,5),(13751,60,5),(13752,60,5),(13753,60,5),(13754,60,5),(13755,60,5),(13756,60,5),(13757,60,5),(13758,60,5),(13759,60,5),(13760,60,5),(13761,60,5),(13762,60,5),(13763,60,5),(13764,60,5),(13765,60,5),(13766,60,5),(13767,60,5),(13768,60,5),(13769,60,5),(13770,60,5),(13771,60,5),(13772,60,5),(13773,60,5),(13774,60,5),(13775,60,5),(13776,60,5),(13777,60,5),(13778,60,5),(13779,60,5),(13780,60,5),(13781,60,5),(13782,60,5),(13783,60,5),(13784,60,5),(13785,60,5),(13786,60,5),(13787,60,5),(13788,60,5),(13789,60,5),(13790,60,5),(13791,60,5),(13792,60,5),(13793,60,5),(13794,60,5),(13795,60,5),(13796,60,5),(13797,60,5),(13798,60,5),(13799,60,5),(13800,60,5),(13801,60,5),(13802,60,5),(13803,60,5),(13804,61,5),(13805,61,5),(13806,61,5),(13807,61,5),(13808,61,5),(13809,61,5),(13810,61,5),(13811,61,5),(13812,61,5),(13813,61,5),(13814,61,5),(13815,61,5),(13816,61,5),(13817,61,5),(13818,61,5),(13819,61,5),(13820,61,5),(13821,61,5),(13822,61,5),(13823,61,5),(13824,61,5),(13825,61,5),(13826,61,5),(13827,61,5),(13828,61,5),(13829,61,5),(13830,61,5),(13831,61,5),(13832,61,5),(13833,61,5),(13834,61,5),(13835,61,5),(13836,61,5),(13837,61,5),(13838,61,5),(13839,61,5),(13840,61,5),(13841,61,5),(13842,61,5),(13843,61,5),(13844,61,5),(13845,61,5),(13846,61,5),(13847,61,5),(13848,61,5),(13849,61,5),(13850,61,5),(13851,61,5),(13852,61,5),(13853,61,5),(13854,61,5),(13855,61,5),(13856,61,5),(13857,61,5),(13858,61,5),(13859,61,5),(13860,61,5),(13861,61,5),(13862,61,5),(13863,61,5),(13864,61,5),(13865,61,5),(13866,61,5),(13867,61,5),(13868,61,5),(13869,61,5),(13870,61,5),(13871,61,5),(13872,61,5),(13873,61,5),(13874,61,5),(13875,61,5),(13876,61,5),(13877,61,5),(13878,61,5),(13879,61,5),(13880,61,5),(13881,61,5),(13882,61,5),(13883,61,5),(13884,61,5),(13885,61,5),(13886,61,5),(13887,61,5),(13888,61,5),(13889,61,5),(13890,61,5),(13891,61,5),(13892,61,5),(13893,61,5),(13894,61,5),(13895,62,5),(13896,62,5),(13897,62,5),(13898,62,5),(13899,62,5),(13900,62,5),(13901,62,5),(13902,62,5),(13903,62,5),(13904,62,5),(13905,62,5),(13906,62,5),(13907,62,5),(13908,62,5),(13909,62,5),(13910,62,5),(13911,62,5),(13912,62,5),(13913,62,5),(13914,62,5),(13915,62,5),(13916,62,5),(13917,62,5),(13918,62,5),(13919,62,5),(13920,62,5),(13921,62,5),(13922,62,5),(13923,62,5),(13924,62,5),(13925,62,5),(13926,62,5),(13927,62,5),(13928,62,5),(13929,62,5),(13930,62,5),(13931,62,5),(13932,62,5),(13933,62,5),(13934,62,5),(13935,62,5),(13936,62,5),(13937,62,5),(13938,62,5),(13939,62,5),(13940,62,5),(13941,62,5),(13942,62,5),(13943,62,5),(13944,62,5),(13945,62,5),(13946,62,5),(13947,62,5),(13948,62,5),(13949,62,5),(13950,62,5),(13951,62,5),(13952,62,5),(13953,62,5),(13954,62,5),(13955,62,5),(13956,62,5),(13957,62,5),(13958,62,5),(13959,62,5),(13960,62,5),(13961,62,5),(13962,62,5),(13963,62,5),(13964,62,5),(13965,62,5),(13966,62,5),(13967,62,5),(13968,62,5),(13969,62,5),(13970,62,5),(13971,62,5),(13972,62,5),(13973,62,5),(13974,62,5),(13975,62,5),(13976,62,5),(13977,62,5),(13978,62,5),(13979,62,5),(13980,62,5),(13981,62,5),(13982,62,5),(13983,62,5),(13984,62,5),(13985,63,5),(13986,63,5),(13987,63,5),(13988,63,5),(13989,63,5),(13990,63,5),(13991,63,5),(13992,63,5),(13993,63,5),(13994,63,5),(13995,63,5),(13996,63,5),(13997,63,5),(13998,63,5),(13999,63,5),(14000,63,5),(14001,63,5),(14002,63,5),(14003,63,5),(14004,63,5),(14005,63,5),(14006,63,5),(14007,63,5),(14008,63,5),(14009,63,5),(14010,63,5),(14011,63,5),(14012,63,5),(14013,63,5),(14014,63,5),(14015,63,5),(14016,63,5),(14017,63,5),(14018,63,5),(14019,63,5),(14020,63,5),(14021,63,5),(14022,63,5),(14023,63,5),(14024,63,5),(14025,63,5),(14026,63,5),(14027,63,5),(14028,63,5),(14029,63,5),(14030,63,5),(14031,63,5),(14032,63,5),(14033,63,5),(14034,63,5),(14035,63,5),(14036,63,5),(14037,63,5),(14038,63,5),(14039,63,5),(14040,63,5),(14041,63,5),(14042,63,5),(14043,63,5),(14044,63,5),(14045,63,5),(14046,63,5),(14047,63,5),(14048,63,5),(14049,63,5),(14050,63,5),(14051,63,5),(14052,63,5),(14053,63,5),(14054,63,5),(14055,63,5),(14056,63,5),(14057,63,5),(14058,63,5),(14059,63,5),(14060,63,5),(14061,63,5),(14062,63,5),(14063,63,5),(14064,63,5),(14065,64,5),(14066,64,5),(14067,64,5),(14068,64,5),(14069,64,5),(14070,64,5),(14071,64,5),(14072,64,5),(14073,64,5),(14074,64,5),(14075,64,5),(14076,64,5),(14077,64,5),(14078,64,5),(14079,64,5),(14080,64,5),(14081,64,5),(14082,64,5),(14083,64,5),(14084,64,5),(14085,64,5),(14086,64,5),(14087,64,5),(14088,64,5),(14089,64,5),(14090,65,5),(14091,65,5),(14092,65,5),(14093,65,5),(14094,65,5),(14095,65,5),(14096,65,5),(14097,65,5),(14098,65,5),(14099,65,5),(14100,65,5),(14101,65,5),(14102,65,5),(14103,65,5),(14104,65,5),(14105,65,5),(14106,65,5),(14107,65,5),(14108,65,5),(14109,65,5),(14110,65,5),(14111,65,5),(14112,65,5),(14113,65,5),(14114,65,5),(14115,65,5),(14116,65,5),(14117,65,5),(14118,65,5),(14119,65,5),(14120,65,5),(14121,65,5),(14122,65,5),(14123,65,5),(14124,65,5),(14125,65,5),(14126,65,5),(14127,65,5),(14128,65,5),(14129,65,5),(14130,65,5),(14131,65,5),(14132,65,5),(14133,65,5),(14134,65,5),(14135,65,5),(14136,65,5),(14137,65,5),(14138,66,5),(14139,66,5),(14140,66,5),(14141,66,5),(14142,66,5),(14143,66,5),(14144,66,5),(14145,66,5),(14146,66,5),(14147,66,5),(14148,66,5),(14149,66,5),(14150,66,5),(14151,66,5),(14152,66,5),(14153,66,5),(14154,66,5),(14155,66,5),(14156,66,5),(14157,66,5),(14158,66,5),(14159,66,5),(14160,66,5),(14161,66,5),(14162,66,5),(14163,66,5),(14164,66,5),(14165,66,5),(14166,66,5),(14167,66,5),(14168,67,5),(14169,67,5),(14170,67,5),(14171,67,5),(14172,67,5),(14173,67,5),(14174,67,5),(14175,67,5),(14176,67,5),(14177,67,5),(14178,67,5),(14179,67,5),(14180,67,5),(14181,67,5),(14182,67,5),(14183,67,5),(14184,67,5),(14185,67,5),(14186,67,5),(14187,67,5),(14188,67,5),(14189,67,5),(14190,67,5),(14191,67,5),(14192,67,5),(14193,67,5),(14194,67,5),(14195,67,5),(14196,67,5),(14197,67,5),(14198,67,5),(14199,67,5),(14200,68,5),(14201,68,5),(14202,68,5),(14203,68,5),(14204,68,5),(14205,68,5),(14206,68,5),(14207,68,5),(14208,68,5),(14209,68,5),(14210,68,5),(14211,68,5),(14212,68,5),(14213,68,5),(14214,68,5),(14215,68,5),(14216,68,5),(14217,68,5),(14218,68,5),(14219,68,5),(14220,68,5),(14221,68,5),(14222,68,5),(14223,68,5),(14224,68,5),(14225,68,5),(14226,68,5),(14227,68,5),(14228,68,5),(14229,68,5),(14230,68,5),(14231,68,5),(14232,68,5),(14233,68,5),(14234,68,5),(14235,68,5),(14236,68,5),(14237,68,5),(14238,68,5),(14239,68,5),(14240,68,5),(14241,68,5),(14242,68,5),(14243,68,5),(14244,68,5),(14245,68,5),(14246,68,5),(14247,68,5),(14248,68,5),(14249,68,5),(14250,68,5),(14251,68,5),(14252,68,5),(14253,68,5),(14254,68,5),(14255,68,5),(14256,68,5),(14257,69,5),(14258,69,5),(14259,69,5),(14260,69,5),(14261,69,5),(14262,69,5),(14263,69,5),(14264,69,5),(14265,69,5),(14266,69,5),(14267,69,5),(14268,69,5),(14269,69,5),(14270,69,5),(14271,69,5),(14272,69,5),(14273,69,5),(14274,69,5),(14275,69,5),(14276,69,5),(14277,69,5),(14278,69,5),(14279,69,5),(14280,69,5),(14281,69,5),(14282,69,5),(14283,69,5),(14284,69,5),(14285,69,5),(14286,69,5),(14287,69,5),(14288,69,5),(14289,69,5),(14290,69,5),(14291,69,5),(14292,69,5),(14293,69,5),(14294,69,5),(14295,69,5),(14296,69,5),(14297,69,5),(14298,69,5),(14299,69,5),(14300,69,5),(14301,69,5),(14302,69,5),(14303,69,5),(14304,69,5),(14305,69,5),(14306,69,5),(14307,69,5),(14308,69,5),(14309,69,5),(14310,69,5),(14311,69,5),(14312,69,5),(14313,69,5),(14314,69,5),(14315,69,5),(14316,69,5),(14317,69,5),(14318,69,5),(14319,69,5),(14320,69,5),(14321,69,5),(14322,69,5),(14323,69,5),(14324,69,5),(14325,69,5),(14326,69,5),(14327,69,5),(14328,69,5),(14329,69,5),(14330,69,5),(14331,69,5),(14332,69,5),(14333,69,5),(14334,69,5),(14335,69,5),(14336,69,5),(14337,69,5),(14338,69,5),(14339,69,5),(14340,69,5),(14341,69,5),(14342,70,5),(14343,70,5),(14344,70,5),(14345,70,5),(14346,70,5),(14347,70,5),(14348,70,5),(14349,70,5),(14350,70,5),(14351,70,5),(14352,70,5),(14353,70,5),(14354,70,5),(14355,70,5),(14356,70,5),(14357,70,5),(14358,70,5),(14359,70,5),(14360,70,5),(14361,70,5),(14362,70,5),(14363,70,5),(14364,70,5),(14365,70,5),(14366,70,5),(14367,70,5),(14368,70,5),(14369,70,5),(14370,70,5),(14371,70,5),(14372,70,5),(14373,70,5),(14374,70,5),(14375,70,5),(14376,70,5),(14377,70,5),(14378,70,5),(14379,70,5),(14380,70,5),(14381,70,5),(14382,70,5),(14383,70,5),(14384,70,5),(14385,70,5),(14386,70,5),(14387,70,5),(14388,70,5),(14389,70,5),(14390,70,5),(14391,70,5),(14392,70,5),(14393,70,5),(14394,70,5),(14395,70,5),(14396,70,5),(14397,70,5),(14398,70,5),(14399,70,5),(14400,70,5),(14401,70,5),(14402,70,5),(14403,70,5),(14404,70,5),(14405,70,5),(14406,70,5),(14407,70,5),(14408,70,5),(14409,70,5),(14410,70,5),(14411,70,5),(14412,70,5),(14413,70,5),(14414,70,5),(14415,70,5),(14416,70,5),(14417,70,5),(14418,71,5),(14419,71,5),(14420,71,5),(14421,71,5),(14422,71,5),(14423,71,5),(14424,71,5),(14425,71,5),(14426,71,5),(14427,71,5),(14428,71,5),(14429,71,5),(14430,71,5),(14431,71,5),(14432,71,5),(14433,71,5),(14434,71,5),(14435,71,5),(14436,71,5),(14437,71,5),(14438,71,5),(14439,71,5),(14440,71,5),(14441,71,5),(14442,71,5),(14443,71,5),(14444,71,5),(14445,71,5),(14446,71,5),(14447,71,5),(14448,71,5),(14449,71,5),(14450,71,5),(14451,71,5),(14452,71,5),(14453,71,5),(14454,71,5),(14455,71,5),(14456,71,5),(14457,71,5),(14458,71,5),(14459,71,5),(14460,71,5),(14461,71,5),(14462,71,5),(14463,71,5),(14464,71,5),(14465,71,5),(14466,71,5),(14467,71,5),(14468,71,5),(14469,71,5),(14470,71,5),(14471,71,5),(14472,71,5),(14473,71,5),(14474,71,5),(14475,71,5),(14476,71,5),(14477,71,5),(14478,71,5),(14479,71,5),(14480,71,5),(14481,71,5),(14482,71,5),(14483,71,5),(14484,71,5),(14485,72,5),(14486,72,5),(14487,72,5),(14488,72,5),(14489,72,5),(14490,72,5),(14491,72,5),(14492,72,5),(14493,72,5),(14494,72,5),(14495,72,5),(14496,72,5),(14497,72,5),(14498,72,5),(14499,72,5),(14500,72,5),(14501,72,5),(14502,72,5),(14503,72,5),(14504,72,5),(14505,72,5),(14506,72,5),(14507,72,5),(14508,72,5),(14509,72,5),(14510,72,5),(14511,72,5),(14512,72,5),(14513,72,5),(14514,72,5),(14515,72,5),(14516,72,5),(14517,72,5),(14518,72,5),(14519,72,5),(14520,72,5),(14521,72,5),(14522,72,5),(14523,72,5),(14524,72,5),(14525,72,5),(14526,72,5),(14527,72,5),(14528,72,5),(14529,72,5),(14530,72,5),(14531,72,5),(14532,72,5),(14533,72,5),(14534,72,5),(14535,72,5),(14536,72,5),(14537,72,5),(14538,72,5),(14539,72,5),(14540,72,5),(14541,72,5),(14542,72,5),(14543,72,5),(14544,72,5),(14545,72,5),(14546,72,5),(14547,72,5),(14548,72,5),(14549,72,5),(14550,72,5),(14551,72,5),(14552,72,5),(14553,72,5),(14554,72,5),(14555,72,5),(14556,72,5),(14557,72,5),(14558,72,5),(14559,72,5),(14560,72,5),(14561,72,5),(14562,72,5),(14563,73,5),(14564,73,5),(14565,73,5),(14566,73,5),(14567,73,5),(14568,73,5),(14569,73,5),(14570,73,5),(14571,73,5),(14572,73,5),(14573,73,5),(14574,73,5),(14575,73,5),(14576,73,5),(14577,73,5),(14578,73,5),(14579,73,5),(14580,73,5),(14581,73,5),(14582,73,5),(14583,73,5),(14584,73,5),(14585,73,5),(14586,73,5),(14587,73,5),(14588,73,5),(14589,73,5),(14590,73,5),(14591,73,5),(14592,73,5),(14593,73,5),(14594,73,5),(14595,73,5),(14596,73,5),(14597,73,5),(14598,73,5),(14599,73,5),(14600,73,5),(14601,73,5),(14602,73,5),(14603,73,5),(14604,73,5),(14605,73,5),(14606,73,5),(14607,73,5),(14608,73,5),(14609,73,5),(14610,73,5),(14611,73,5),(14612,73,5),(14613,73,5),(14614,73,5),(14615,73,5),(14616,73,5),(14617,73,5),(14618,74,5),(14619,74,5),(14620,74,5),(14621,74,5),(14622,74,5),(14623,74,5),(14624,74,5),(14625,74,5),(14626,74,5),(14627,74,5),(14628,74,5),(14629,74,5),(14630,74,5),(14631,74,5),(14632,74,5),(14633,74,5),(14634,74,5),(14635,74,5),(14636,74,5),(14637,74,5),(14638,74,5),(14639,74,5),(14640,74,5),(14641,74,5),(14642,74,5),(14643,74,5),(14644,74,5),(14645,74,5),(14646,74,5),(14647,74,5),(14648,74,5),(14649,74,5),(14650,74,5),(14651,74,5),(14652,74,5),(14653,74,5),(14654,74,5),(14655,74,5),(14656,74,5),(14657,74,5),(14658,74,5),(14659,74,5),(14660,74,5),(14661,74,5),(14662,74,5),(14663,74,5),(14664,74,5),(14665,74,5),(14666,74,5),(14667,74,5),(14668,74,5),(14669,74,5),(14670,74,5),(14671,74,5),(14672,74,5),(14673,74,5),(14674,74,5),(14675,74,5),(14676,74,5),(14677,74,5),(14678,74,5),(14679,74,5),(14680,74,5),(14681,74,5),(14682,74,5),(14683,74,5),(14684,74,5),(14685,74,5),(14686,74,5),(14687,74,5),(14688,74,5),(14689,74,5),(14690,74,5),(14691,74,5),(14692,74,5),(14693,74,5),(14694,74,5),(14695,74,5),(14696,74,5),(14697,74,5),(14698,74,5),(14699,74,5),(14700,74,5),(14701,74,5),(14702,74,5),(14703,74,5),(14704,74,5),(14705,74,5),(14706,75,5),(14707,75,5),(14708,75,5),(14709,75,5),(14710,75,5),(14711,75,5),(14712,75,5),(14713,75,5),(14714,75,5),(14715,75,5),(14716,75,5),(14717,75,5),(14718,75,5),(14719,75,5),(14720,75,5),(14721,75,5),(14722,75,5),(14723,75,5),(14724,75,5),(14725,75,5),(14726,75,5),(14727,75,5),(14728,75,5),(14729,75,5),(14730,75,5),(14731,75,5),(14732,75,5),(14733,75,5),(14734,75,5),(14735,75,5),(14736,75,5),(14737,75,5),(14738,75,5),(14739,75,5),(14740,75,5),(14741,75,5),(14742,75,5),(14743,75,5),(14744,75,5),(14745,75,5),(14746,75,5),(14747,75,5),(14748,75,5),(14749,75,5),(14750,75,5),(14751,75,5),(14752,75,5),(14753,75,5),(14754,75,5),(14755,75,5),(14756,75,5),(14757,75,5),(14758,75,5),(14759,75,5),(14760,75,5),(14761,75,5),(14762,75,5),(14763,75,5),(14764,75,5),(14765,75,5),(14766,75,5),(14767,75,5),(14768,75,5),(14769,76,5),(14770,76,5),(14771,76,5),(14772,76,5),(14773,76,5),(14774,76,5),(14775,76,5),(14776,76,5),(14777,76,5),(14778,76,5),(14779,76,5),(14780,76,5),(14781,76,5),(14782,76,5),(14783,76,5),(14784,76,5),(14785,76,5),(14786,76,5),(14787,76,5),(14788,76,5),(14789,76,5),(14790,76,5),(14791,76,5),(14792,76,5),(14793,76,5),(14794,76,5),(14795,76,5),(14796,76,5),(14797,76,5),(14798,76,5),(14799,76,5),(14800,76,5),(14801,76,5),(14802,76,5),(14803,76,5),(14804,76,5),(14805,76,5),(14806,76,5),(14807,76,5),(14808,76,5),(14809,76,5),(14810,76,5),(14811,76,5),(14812,76,5),(14813,76,5),(14814,76,5),(14815,76,5),(14816,76,5),(14817,76,5),(14818,76,5),(14819,76,5),(14820,76,5),(14821,76,5),(14822,76,5),(14823,76,5),(14824,76,5),(14825,76,5),(14826,76,5),(14827,76,5),(14828,76,5),(14829,76,5),(14830,76,5),(14831,76,5),(14832,76,5),(14833,76,5),(14834,76,5),(14835,76,5),(14836,76,5),(14837,76,5),(14838,76,5),(14839,76,5),(14840,76,5),(14841,76,5),(14842,76,5),(14843,76,5),(14844,76,5),(14845,76,5),(14846,76,5),(14847,76,5),(14848,76,5),(14849,76,5),(14850,76,5),(14851,76,5),(14852,76,5),(14853,76,5),(14854,76,5),(14855,76,5),(14856,77,5),(14857,77,5),(14858,77,5),(14859,77,5),(14860,77,5),(14861,77,5),(14862,77,5),(14863,77,5),(14864,77,5),(14865,77,5),(14866,77,5),(14867,77,5),(14868,77,5),(14869,77,5),(14870,77,5),(14871,77,5),(14872,77,5),(14873,77,5),(14874,77,5),(14875,77,5),(14876,77,5),(14877,77,5),(14878,77,5),(14879,77,5),(14880,77,5),(14881,77,5),(14882,77,5),(14883,77,5),(14884,77,5),(14885,77,5),(14886,77,5),(14887,77,5),(14888,77,5),(14889,77,5),(14890,77,5),(14891,77,5),(14892,77,5),(14893,77,5),(14894,77,5),(14895,77,5),(14896,77,5),(14897,77,5),(14898,77,5),(14899,77,5),(14900,77,5),(14901,77,5),(14902,77,5),(14903,77,5),(14904,77,5),(14905,77,5),(14906,77,5),(14907,77,5),(14908,77,5),(14909,77,5),(14910,77,5),(14911,77,5),(14912,77,5),(14913,77,5),(14914,77,5),(14915,77,5),(14916,77,5),(14917,77,5),(14918,77,5),(14919,77,5),(14920,77,5),(14921,77,5),(14922,77,5),(14923,77,5),(14924,77,5),(14925,77,5),(14926,77,5),(14927,77,5),(14928,77,5),(14929,77,5),(14930,77,5),(14931,77,5),(14932,77,5),(14933,77,5),(14934,77,5),(14935,77,5),(14936,77,5),(14937,77,5),(14938,77,5),(14939,77,5),(14940,77,5),(14941,77,5),(14942,78,5),(14943,78,5),(14944,78,5),(14945,78,5),(14946,78,5),(14947,78,5),(14948,78,5),(14949,78,5),(14950,78,5),(14951,78,5),(14952,78,5),(14953,78,5),(14954,78,5),(14955,78,5),(14956,78,5),(14957,78,5),(14958,78,5),(14959,78,5),(14960,78,5),(14961,78,5),(14962,78,5),(14963,78,5),(14964,78,5),(14965,78,5),(14966,78,5),(14967,78,5),(14968,78,5),(14969,78,5),(14970,78,5),(14971,78,5),(14972,78,5),(14973,78,5),(14974,78,5),(14975,78,5),(14976,78,5),(14977,78,5),(14978,78,5),(14979,78,5),(14980,78,5),(14981,78,5),(14982,78,5),(14983,78,5),(14984,78,5),(14985,78,5),(14986,78,5),(14987,78,5),(14988,78,5),(14989,78,5),(14990,78,5),(14991,78,5),(14992,78,5),(14993,78,5),(14994,78,5),(14995,78,5),(14996,78,5),(14997,78,5),(14998,78,5),(14999,78,5),(15000,78,5),(15001,78,5),(15002,78,5),(15003,78,5),(15004,78,5),(15005,78,5),(15006,78,5),(15007,78,5),(15008,78,5),(15009,78,5),(15010,78,5),(15011,78,5),(15012,78,5),(15013,78,5),(15014,78,5),(15015,78,5),(15016,78,5),(15017,78,5),(15018,78,5),(15019,78,5),(15020,78,5),(15021,78,5),(15022,78,5),(15023,78,5),(15024,78,5),(15025,78,5),(15026,78,5),(15027,78,5),(15028,78,5),(15029,78,5),(15030,78,5),(15031,78,5),(15032,78,5),(15033,78,5),(15034,78,5),(15035,78,5),(15036,79,5),(15037,79,5),(15038,79,5),(15039,79,5),(15040,79,5),(15041,79,5),(15042,79,5),(15043,79,5),(15044,79,5),(15045,79,5),(15046,79,5),(15047,79,5),(15048,79,5),(15049,79,5),(15050,79,5),(15051,79,5),(15052,79,5),(15053,79,5),(15054,79,5),(15055,79,5),(15056,79,5),(15057,79,5),(15058,79,5),(15059,79,5),(15060,79,5),(15061,79,5),(15062,79,5),(15063,79,5),(15064,79,5),(15065,79,5),(15066,79,5),(15067,79,5),(15068,79,5),(15069,79,5),(15070,80,5),(15071,80,5),(15072,80,5),(15073,80,5),(15074,80,5),(15075,80,5),(15076,80,5),(15077,80,5),(15078,80,5),(15079,80,5),(15080,80,5),(15081,80,5),(15082,80,5),(15083,80,5),(15084,80,5),(15085,80,5),(15086,80,5),(15087,80,5),(15088,80,5),(15089,80,5),(15090,80,5),(15091,80,5),(15092,80,5),(15093,80,5),(15094,80,5),(15095,80,5),(15096,80,5),(15097,80,5),(15098,80,5),(15099,80,5),(15100,80,5),(15101,80,5),(15102,80,5),(15103,80,5),(15104,80,5),(15105,80,5),(15106,80,5),(15107,80,5),(15108,80,5),(15109,80,5),(15110,80,5),(15111,80,5),(15112,80,5),(15113,80,5),(15114,80,5),(15115,80,5),(15116,80,5),(15117,80,5),(15118,80,5),(15119,80,5),(15120,80,5),(15121,80,5),(15122,80,5),(15123,80,5),(15124,80,5),(15125,80,5),(15126,80,5),(15127,80,5),(15128,80,5),(15129,80,5),(15130,80,5),(15131,80,5),(15132,80,5),(15133,80,5),(15134,80,5),(15135,80,5),(15136,80,5),(15137,80,5),(15138,80,5),(15139,80,5),(15140,80,5),(15141,80,5),(15142,80,5),(15143,80,5),(15144,80,5),(15145,80,5),(15146,80,5),(15147,80,5),(15148,80,5),(15149,81,5),(15150,81,5),(15151,81,5),(15152,81,5),(15153,81,5),(15154,81,5),(15155,81,5),(15156,81,5),(15157,81,5),(15158,81,5),(15159,81,5),(15160,81,5),(15161,81,5),(15162,81,5),(15163,81,5),(15164,81,5),(15165,81,5),(15166,81,5),(15167,81,5),(15168,81,5),(15169,81,5),(15170,81,5),(15171,81,5),(15172,81,5),(15173,81,5),(15174,81,5),(15175,81,5),(15176,81,5),(15177,81,5),(15178,81,5),(15179,81,5),(15180,81,5),(15181,81,5),(15182,81,5),(15183,81,5),(15184,81,5),(15185,81,5),(15186,81,5),(15187,81,5),(15188,81,5),(15189,81,5),(15190,81,5),(15191,81,5),(15192,81,5),(15193,81,5),(15194,81,5),(15195,81,5),(15196,81,5),(15197,81,5),(15198,81,5),(15199,81,5),(15200,81,5),(15201,81,5),(15202,81,5),(15203,81,5),(15204,81,5),(15205,81,5),(15206,81,5),(15207,81,5),(15208,81,5),(15209,81,5),(15210,81,5),(15211,81,5),(15212,81,5),(15213,81,5),(15214,81,5),(15215,81,5),(15216,81,5),(15217,81,5),(15218,81,5),(15219,81,5),(15220,81,5),(15221,81,5),(15222,81,5),(15223,81,5),(15224,82,5),(15225,82,5),(15226,82,5),(15227,82,5),(15228,82,5),(15229,82,5),(15230,82,5),(15231,82,5),(15232,82,5),(15233,82,5),(15234,82,5),(15235,82,5),(15236,82,5),(15237,82,5),(15238,82,5),(15239,82,5),(15240,82,5),(15241,82,5),(15242,82,5),(15243,82,5),(15244,82,5),(15245,82,5),(15246,82,5),(15247,82,5),(15248,82,5),(15249,82,5),(15250,82,5),(15251,82,5),(15252,82,5),(15253,82,5),(15254,82,5),(15255,82,5),(15256,82,5),(15257,82,5),(15258,82,5),(15259,82,5),(15260,82,5),(15261,82,5),(15262,82,5),(15263,82,5),(15264,82,5),(15265,82,5),(15266,82,5),(15267,82,5),(15268,82,5),(15269,82,5),(15270,82,5),(15271,82,5),(15272,82,5),(15273,82,5),(15274,82,5),(15275,82,5),(15276,82,5),(15277,82,5),(15278,82,5),(15279,82,5),(15280,82,5),(15281,82,5),(15282,82,5),(15283,82,5),(15284,83,5),(15285,83,5),(15286,83,5),(15287,83,5),(15288,83,5),(15289,83,5),(15290,83,5),(15291,83,5),(15292,83,5),(15293,83,5),(15294,83,5),(15295,83,5),(15296,83,5),(15297,83,5),(15298,83,5),(15299,83,5),(15300,83,5),(15301,83,5),(15302,83,5),(15303,83,5),(15304,83,5),(15305,83,5),(15306,83,5),(15307,83,5),(15308,83,5),(15309,83,5),(15310,83,5),(15311,83,5),(15312,83,5),(15313,83,5),(15314,83,5),(15315,83,5),(15316,83,5),(15317,83,5),(15318,83,5),(15319,83,5),(15320,83,5),(15321,83,5),(15322,83,5),(15323,83,5),(15324,83,5),(15325,83,5),(15326,83,5),(15327,83,5),(15328,83,5),(15329,83,5),(15330,83,5),(15331,83,5),(15332,83,5),(15333,83,5),(15334,83,5),(15335,83,5),(15336,83,5),(15337,83,5),(15338,83,5),(15339,83,5),(15340,83,5),(15341,83,5),(15342,83,5),(15343,83,5),(15344,83,5),(15345,83,5),(15346,83,5),(15347,83,5),(15348,83,5),(15349,83,5),(15350,83,5),(15351,83,5),(15352,83,5),(15353,83,5),(15354,83,5),(15355,83,5),(15356,83,5),(15357,83,5),(15358,83,5),(15359,83,5),(15360,83,5),(15361,83,5),(15362,83,5),(15363,83,5),(15364,83,5),(15365,83,5),(15366,83,5),(15367,83,5),(15368,83,5),(15369,83,5),(15370,83,5),(15371,83,5),(15372,83,5),(15373,83,5),(15374,83,5),(15375,83,5),(15376,83,5),(15377,83,5),(15378,83,5),(15379,83,5),(15380,83,5),(15381,84,5),(15382,84,5),(15383,84,5),(15384,84,5),(15385,84,5),(15386,84,5),(15387,84,5),(15388,84,5),(15389,84,5),(15390,84,5),(15391,84,5),(15392,84,5),(15393,84,5),(15394,84,5),(15395,84,5),(15396,84,5),(15397,84,5),(15398,84,5),(15399,84,5),(15400,84,5),(15401,84,5),(15402,84,5),(15403,84,5),(15404,84,5),(15405,84,5),(15406,84,5),(15407,84,5),(15408,84,5),(15409,84,5),(15410,84,5),(15411,84,5),(15412,84,5),(15413,84,5),(15414,84,5),(15415,84,5),(15416,84,5),(15417,84,5),(15418,84,5),(15419,84,5),(15420,84,5),(15421,84,5),(15422,84,5),(15423,84,5),(15424,84,5),(15425,84,5),(15426,84,5),(15427,84,5),(15428,84,5),(15429,84,5),(15430,84,5),(15431,84,5),(15432,84,5),(15433,84,5),(15434,84,5),(15435,84,5),(15436,84,5),(15437,84,5),(15438,84,5),(15439,84,5),(15440,84,5),(15441,84,5),(15442,84,5),(15443,84,5),(15444,84,5),(15445,84,5),(15446,84,5),(15447,84,5),(15448,84,5),(15449,84,5),(15450,84,5),(15451,84,5),(15452,84,5),(15453,84,5),(15454,84,5),(15455,84,5),(15456,84,5),(15457,84,5),(15458,84,5),(15459,84,5),(15460,84,5),(15461,84,5),(15462,84,5),(15463,84,5),(15464,84,5),(15465,84,5),(15466,85,5),(15467,85,5),(15468,85,5),(15469,85,5),(15470,85,5),(15471,85,5),(15472,85,5),(15473,85,5),(15474,85,5),(15475,85,5),(15476,85,5),(15477,85,5),(15478,85,5),(15479,85,5),(15480,85,5),(15481,85,5),(15482,85,5),(15483,85,5),(15484,85,5),(15485,85,5),(15486,85,5),(15487,85,5),(15488,85,5),(15489,85,5),(15490,85,5),(15491,85,5),(15492,85,5),(15493,85,5),(15494,85,5),(15495,85,5),(15496,85,5),(15497,85,5),(15498,85,5),(15499,85,5),(15500,85,5),(15501,85,5),(15502,85,5),(15503,85,5),(15504,85,5),(15505,85,5),(15506,85,5),(15507,85,5),(15508,85,5),(15509,85,5),(15510,85,5),(15511,85,5),(15512,85,5),(15513,85,5),(15514,85,5),(15515,85,5),(15516,85,5),(15517,85,5),(15518,85,5),(15519,85,5),(15520,85,5),(15521,85,5),(15522,85,5),(15523,85,5),(15524,85,5),(15525,85,5),(15526,85,5),(15527,85,5),(15528,85,5),(15529,85,5),(15530,85,5),(15531,86,5),(15532,86,5),(15533,86,5),(15534,86,5),(15535,86,5),(15536,86,5),(15537,86,5),(15538,86,5),(15539,86,5),(15540,86,5),(15541,86,5),(15542,86,5),(15543,86,5),(15544,86,5),(15545,86,5),(15546,86,5),(15547,86,5),(15548,86,5),(15549,86,5),(15550,86,5),(15551,86,5),(15552,86,5),(15553,86,5),(15554,86,5),(15555,86,5),(15556,86,5),(15557,86,5),(15558,86,5),(15559,86,5),(15560,86,5),(15561,86,5),(15562,86,5),(15563,86,5),(15564,86,5),(15565,86,5),(15566,86,5),(15567,87,5),(15568,87,5),(15569,87,5),(15570,87,5),(15571,87,5),(15572,87,5),(15573,87,5),(15574,87,5),(15575,87,5),(15576,87,5),(15577,87,5),(15578,87,5),(15579,87,5),(15580,87,5),(15581,87,5),(15582,87,5),(15583,87,5),(15584,87,5),(15585,87,5),(15586,87,5),(15587,87,5),(15588,87,5),(15589,88,5),(15590,88,5),(15591,88,5),(15592,88,5),(15593,88,5),(15594,88,5),(15595,88,5),(15596,88,5),(15597,88,5),(15598,88,5),(15599,88,5),(15600,88,5),(15601,88,5),(15602,88,5),(15603,88,5),(15604,88,5),(15605,88,5),(15606,88,5),(15607,88,5),(15608,88,5),(15609,88,5),(15610,88,5),(15611,88,5),(15612,88,5),(15613,88,5),(15614,88,5),(15615,88,5),(15616,88,5),(15617,88,5),(15618,88,5),(15619,88,5),(15620,88,5),(15621,88,5),(15622,88,5),(15623,88,5),(15624,88,5),(15625,88,5),(15626,88,5),(15627,88,5),(15628,88,5),(15629,88,5),(15630,88,5),(15631,88,5),(15632,88,5),(15633,88,5),(15634,88,5),(15635,88,5),(15636,88,5),(15637,88,5),(15638,88,5),(15639,88,5),(15640,88,5),(15641,88,5),(15642,88,5),(15643,88,5),(15644,88,5),(15645,88,5),(15646,88,5),(15647,88,5),(15648,88,5),(15649,88,5),(15650,88,5),(15651,88,5),(15652,88,5),(15653,88,5),(15654,88,5),(15655,88,5),(15656,88,5),(15657,88,5),(15658,88,5),(15659,88,5),(15660,88,5),(15661,88,5),(15662,88,5),(15663,88,5),(15664,88,5),(15665,88,5),(15666,88,5),(15667,88,5),(15668,88,5),(15669,88,5),(15670,88,5),(15671,88,5),(15672,88,5),(15673,88,5),(15674,88,5),(15675,88,5),(15676,89,5),(15677,89,5),(15678,89,5),(15679,89,5),(15680,89,5),(15681,89,5),(15682,89,5),(15683,89,5),(15684,89,5),(15685,89,5),(15686,89,5),(15687,89,5),(15688,89,5),(15689,89,5),(15690,89,5),(15691,89,5),(15692,89,5),(15693,89,5),(15694,89,5),(15695,89,5),(15696,89,5),(15697,89,5),(15698,89,5),(15699,89,5),(15700,89,5),(15701,89,5),(15702,89,5),(15703,89,5),(15704,89,5),(15705,89,5),(15706,89,5),(15707,89,5),(15708,89,5),(15709,89,5),(15710,89,5),(15711,89,5),(15712,89,5),(15713,89,5),(15714,89,5),(15715,89,5),(15716,89,5),(15717,89,5),(15718,89,5),(15719,89,5),(15720,89,5),(15721,89,5),(15722,89,5),(15723,89,5),(15724,89,5),(15725,89,5),(15726,89,5),(15727,89,5),(15728,89,5),(15729,89,5),(15730,89,5),(15731,89,5),(15732,89,5),(15733,89,5),(15734,89,5),(15735,89,5),(15736,89,5),(15737,89,5),(15738,89,5),(15739,89,5),(15740,89,5),(15741,89,5),(15742,89,5),(15743,89,5),(15744,89,5),(15745,89,5),(15746,89,5),(15747,89,5),(15748,89,5),(15749,89,5),(15750,89,5),(15751,89,5),(15752,89,5),(15753,89,5),(15754,89,5),(15755,89,5),(15756,89,5),(15757,89,5),(15758,89,5),(15759,90,5),(15760,90,5),(15761,90,5),(15762,90,5),(15763,90,5),(15764,90,5),(15765,90,5),(15766,90,5),(15767,90,5),(15768,90,5),(15769,90,5),(15770,90,5),(15771,90,5),(15772,90,5),(15773,90,5),(15774,90,5),(15775,90,5),(15776,90,5),(15777,90,5),(15778,90,5),(15779,90,5),(15780,90,5),(15781,90,5),(15782,90,5),(15783,90,5),(15784,90,5),(15785,90,5),(15786,90,5),(15787,90,5),(15788,90,5),(15789,90,5),(15790,90,5),(15791,90,5),(15792,90,5),(15793,90,5),(15794,90,5),(15795,90,5),(15796,90,5),(15797,90,5),(15798,90,5),(15799,90,5),(15800,90,5),(15801,90,5),(15802,90,5),(15803,90,5),(15804,90,5),(15805,90,5),(15806,90,5),(15807,90,5),(15808,90,5),(15809,90,5),(15810,90,5),(15811,90,5),(15812,90,5),(15813,90,5),(15814,90,5),(15815,90,5),(15816,90,5),(15817,90,5),(15818,90,5),(15819,90,5),(15820,90,5),(15821,90,5),(15822,90,5),(15823,90,5),(15824,90,5),(15825,90,5),(15826,90,5),(15827,90,5),(15828,90,5),(15829,90,5),(15830,90,5),(15831,90,5),(15832,91,5),(15833,91,5),(15834,91,5),(15835,91,5),(15836,91,5),(15837,91,5),(15838,91,5),(15839,91,5),(15840,91,5),(15841,91,5),(15842,91,5),(15843,91,5),(15844,91,5),(15845,91,5),(15846,91,5),(15847,91,5),(15848,91,5),(15849,91,5),(15850,91,5),(15851,91,5),(15852,91,5),(15853,91,5),(15854,91,5),(15855,91,5),(15856,91,5),(15857,91,5),(15858,91,5),(15859,91,5),(15860,91,5),(15861,91,5),(15862,91,5),(15863,91,5),(15864,91,5),(15865,91,5),(15866,91,5),(15867,91,5),(15868,91,5),(15869,91,5),(15870,91,5),(15871,91,5),(15872,91,5),(15873,91,5),(15874,91,5),(15875,91,5),(15876,91,5),(15877,91,5),(15878,91,5),(15879,91,5),(15880,91,5),(15881,91,5),(15882,91,5),(15883,91,5),(15884,91,5),(15885,91,5),(15886,91,5),(15887,91,5),(15888,91,5),(15889,91,5),(15890,91,5),(15891,91,5),(15892,91,5),(15893,91,5),(15894,91,5),(15895,91,5),(15896,91,5),(15897,91,5),(15898,91,5),(15899,91,5),(15900,91,5),(15901,91,5),(15902,91,5),(15903,91,5),(15904,91,5),(15905,92,5),(15906,92,5),(15907,92,5),(15908,92,5),(15909,92,5),(15910,92,5),(15911,92,5),(15912,92,5),(15913,92,5),(15914,92,5),(15915,92,5),(15916,92,5),(15917,92,5),(15918,92,5),(15919,92,5),(15920,92,5),(15921,92,5),(15922,92,5),(15923,92,5),(15924,92,5),(15925,92,5),(15926,92,5),(15927,92,5),(15928,92,5),(15929,92,5),(15930,92,5),(15931,92,5),(15932,92,5),(15933,92,5),(15934,92,5),(15935,92,5),(15936,92,5),(15937,92,5),(15938,92,5),(15939,92,5),(15940,92,5),(15941,92,5),(15942,92,5),(15943,92,5),(15944,92,5),(15945,92,5),(15946,92,5),(15947,92,5),(15948,92,5),(15949,92,5),(15950,92,5),(15951,92,5),(15952,92,5),(15953,92,5),(15954,92,5),(15955,92,5),(15956,92,5),(15957,92,5),(15958,92,5),(15959,92,5),(15960,92,5),(15961,92,5),(15962,92,5),(15963,92,5),(15964,92,5),(15965,92,5),(15966,92,5),(15967,92,5),(15968,92,5),(15969,92,5),(15970,92,5),(15971,92,5),(15972,92,5),(15973,92,5),(15974,92,5),(15975,92,5),(15976,92,5),(15977,92,5),(15978,92,5),(15979,92,5),(15980,92,5),(15981,92,5),(15982,92,5),(15983,92,5),(15984,92,5),(15985,92,5),(15986,92,5),(15987,92,5),(15988,92,5),(15989,92,5),(15990,92,5),(15991,92,5),(15992,92,5),(15993,92,5),(15994,92,5),(15995,92,5),(15996,92,5),(15997,92,5),(15998,92,5),(15999,93,5),(16000,93,5),(16001,93,5),(16002,93,5),(16003,93,5),(16004,93,5),(16005,93,5),(16006,93,5),(16007,93,5),(16008,93,5),(16009,93,5),(16010,93,5),(16011,93,5),(16012,93,5),(16013,93,5),(16014,93,5),(16015,93,5),(16016,93,5),(16017,93,5),(16018,93,5),(16019,93,5),(16020,93,5),(16021,93,5),(16022,93,5),(16023,93,5),(16024,93,5),(16025,93,5),(16026,93,5),(16027,93,5),(16028,93,5),(16029,93,5),(16030,93,5),(16031,93,5),(16032,93,5),(16033,93,5),(16034,93,5),(16035,93,5),(16036,93,5),(16037,93,5),(16038,93,5),(16039,93,5),(16040,93,5),(16041,93,5),(16042,93,5),(16043,93,5),(16044,93,5),(16045,93,5),(16046,93,5),(16047,93,5),(16048,93,5),(16049,93,5),(16050,93,5),(16051,93,5),(16052,93,5),(16053,93,5),(16054,93,5),(16055,93,5),(16056,93,5),(16057,93,5),(16058,93,5),(16059,93,5),(16060,93,5),(16061,93,5),(16062,93,5),(16063,93,5),(16064,93,5),(16065,93,5),(16066,93,5),(16067,93,5),(16068,93,5),(16069,93,5),(16070,93,5),(16071,93,5),(16072,93,5),(16073,93,5),(16074,93,5),(16075,93,5),(16076,93,5),(16077,93,5),(16078,93,5),(16079,93,5),(16080,93,5),(16081,93,5),(16082,93,5),(16083,93,5),(16084,93,5),(16085,93,5),(16086,93,5),(16087,93,5),(16088,93,5),(16089,93,5),(16090,94,5),(16091,94,5),(16092,94,5),(16093,94,5),(16094,94,5),(16095,94,5),(16096,94,5),(16097,94,5),(16098,94,5),(16099,94,5),(16100,94,5),(16101,94,5),(16102,94,5),(16103,94,5),(16104,94,5),(16105,94,5),(16106,94,5),(16107,94,5),(16108,94,5),(16109,94,5),(16110,94,5),(16111,94,5),(16112,94,5),(16113,94,5),(16114,94,5),(16115,94,5),(16116,94,5),(16117,94,5),(16118,94,5),(16119,94,5),(16120,94,5),(16121,94,5),(16122,94,5),(16123,94,5),(16124,94,5),(16125,94,5),(16126,94,5),(16127,94,5),(16128,94,5),(16129,94,5),(16130,94,5),(16131,94,5),(16132,94,5),(16133,94,5),(16134,94,5),(16135,94,5),(16136,94,5),(16137,94,5),(16138,94,5),(16139,94,5),(16140,94,5),(16141,94,5),(16142,94,5),(16143,94,5),(16144,94,5),(16145,94,5),(16146,94,5),(16147,94,5),(16148,94,5),(16149,94,5),(16150,94,5),(16151,94,5),(16152,94,5),(16153,94,5),(16154,94,5),(16155,94,5),(16156,94,5),(16157,94,5),(16158,94,5),(16159,94,5),(16160,94,5),(16161,94,5),(16162,94,5),(16163,94,5),(16164,94,5),(16165,95,5),(16166,95,5),(16167,95,5),(16168,95,5),(16169,95,5),(16170,95,5),(16171,95,5),(16172,95,5),(16173,95,5),(16174,95,5),(16175,95,5),(16176,95,5),(16177,95,5),(16178,95,5),(16179,95,5),(16180,95,5),(16181,95,5),(16182,95,5),(16183,95,5),(16184,95,5),(16185,95,5),(16186,95,5),(16187,95,5),(16188,95,5),(16189,95,5),(16190,95,5),(16191,95,5),(16192,95,5),(16193,95,5),(16194,95,5),(16195,95,5),(16196,95,5),(16197,95,5),(16198,95,5),(16199,95,5),(16200,95,5),(16201,95,5),(16202,95,5),(16203,95,5),(16204,95,5),(16205,95,5),(16206,95,5),(16207,95,5),(16208,95,5),(16209,95,5),(16210,95,5),(16211,95,5),(16212,95,5),(16213,95,5),(16214,95,5),(16215,95,5),(16216,95,5),(16217,95,5),(16218,95,5),(16219,95,5),(16220,95,5),(16221,95,5),(16222,95,5),(16223,95,5),(16224,95,5),(16225,95,5),(16226,95,5),(16227,95,5),(16228,95,5),(16229,95,5),(16230,95,5),(16231,95,5),(16232,95,5),(16233,95,5),(16234,95,5),(16235,95,5),(16236,95,5),(16237,95,5),(16238,95,5),(16239,95,5),(16240,95,5),(16241,95,5),(16242,95,5),(16243,95,5),(16244,95,5),(16245,96,5),(16246,96,5),(16247,96,5),(16248,96,5),(16249,96,5),(16250,96,5),(16251,96,5),(16252,96,5),(16253,96,5),(16254,96,5),(16255,96,5),(16256,96,5),(16257,96,5),(16258,96,5),(16259,96,5),(16260,96,5),(16261,96,5),(16262,96,5),(16263,96,5),(16264,96,5),(16265,96,5),(16266,96,5),(16267,96,5),(16268,96,5),(16269,96,5),(16270,96,5),(16271,96,5),(16272,96,5),(16273,96,5),(16274,96,5),(16275,96,5),(16276,96,5),(16277,96,5),(16278,96,5),(16279,96,5),(16280,96,5),(16281,96,5),(16282,96,5),(16283,96,5),(16284,96,5),(16285,96,5),(16286,96,5),(16287,96,5),(16288,96,5),(16289,96,5),(16290,96,5),(16291,96,5),(16292,96,5),(16293,96,5),(16294,96,5),(16295,96,5),(16296,96,5),(16297,96,5),(16298,96,5),(16299,96,5),(16300,96,5),(16301,96,5),(16302,96,5),(16303,96,5),(16304,96,5),(16305,96,5),(16306,96,5),(16307,96,5),(16308,96,5),(16309,96,5),(16310,96,5),(16311,96,5),(16312,96,5),(16313,96,5),(16314,97,5),(16315,97,5),(16316,97,5),(16317,97,5),(16318,97,5),(16319,97,5),(16320,97,5),(16321,97,5),(16322,97,5),(16323,97,5),(16324,97,5),(16325,97,5),(16326,97,5),(16327,97,5),(16328,97,5),(16329,97,5),(16330,97,5),(16331,97,5),(16332,97,5),(16333,97,5),(16334,97,5),(16335,97,5),(16336,97,5),(16337,97,5),(16338,97,5),(16339,97,5),(16340,97,5),(16341,97,5),(16342,97,5),(16343,97,5),(16344,97,5),(16345,97,5),(16346,97,5),(16347,97,5),(16348,97,5),(16349,97,5),(16350,97,5),(16351,97,5),(16352,97,5),(16353,97,5),(16354,97,5),(16355,97,5),(16356,97,5),(16357,97,5),(16358,97,5),(16359,97,5),(16360,97,5),(16361,97,5),(16362,97,5),(16363,97,5),(16364,97,5),(16365,97,5),(16366,97,5),(16367,97,5),(16368,97,5),(16369,97,5),(16370,97,5),(16371,97,5),(16372,98,5),(16373,98,5),(16374,98,5),(16375,98,5),(16376,98,5),(16377,98,5),(16378,98,5),(16379,98,5),(16380,98,5),(16381,98,5),(16382,98,5),(16383,98,5),(16384,98,5),(16385,98,5),(16386,98,5),(16387,98,5),(16388,98,5),(16389,98,5),(16390,98,5),(16391,98,5),(16392,98,5),(16393,98,5),(16394,98,5),(16395,98,5),(16396,98,5),(16397,98,5),(16398,98,5),(16399,98,5),(16400,98,5),(16401,98,5),(16402,98,5),(16403,98,5),(16404,98,5),(16405,98,5),(16406,98,5),(16407,98,5),(16408,98,5),(16409,98,5),(16410,98,5),(16411,98,5),(16412,98,5),(16413,98,5),(16414,98,5),(16415,98,5),(16416,98,5),(16417,98,5),(16418,98,5),(16419,98,5),(16420,98,5),(16421,98,5),(16422,98,5),(16423,98,5),(16424,98,5),(16425,98,5),(16426,98,5),(16427,98,5),(16428,98,5),(16429,98,5),(16430,98,5),(16431,98,5),(16432,98,5),(16433,98,5),(16434,98,5),(16435,98,5),(16436,98,5),(16437,98,5),(16438,98,5),(16439,98,5),(16440,98,5),(16441,98,5),(16442,98,5),(16443,98,5),(16444,98,5),(16445,98,5),(16446,98,5),(16447,98,5),(16448,98,5),(16449,98,5),(16450,98,5),(16451,98,5),(16452,98,5),(16453,99,5),(16454,99,5),(16455,99,5),(16456,99,5),(16457,99,5),(16458,99,5),(16459,99,5),(16460,99,5),(16461,99,5),(16462,99,5),(16463,99,5),(16464,99,5),(16465,99,5),(16466,99,5),(16467,99,5),(16468,99,5),(16469,99,5),(16470,99,5),(16471,99,5),(16472,99,5),(16473,99,5),(16474,99,5),(16475,99,5),(16476,99,5),(16477,99,5),(16478,99,5),(16479,99,5),(16480,99,5),(16481,99,5),(16482,99,5),(16483,99,5),(16484,99,5),(16485,99,5),(16486,99,5),(16487,99,5),(16488,99,5),(16489,99,5),(16490,99,5),(16491,99,5),(16492,99,5),(16493,99,5),(16494,99,5),(16495,99,5),(16496,99,5),(16497,99,5),(16498,99,5),(16499,99,5),(16500,99,5),(16501,99,5),(16502,99,5),(16503,99,5),(16504,99,5),(16505,99,5),(16506,99,5),(16507,99,5),(16508,99,5),(16509,99,5),(16510,99,5),(16511,99,5),(16512,99,5),(16513,99,5),(16514,99,5),(16515,99,5),(16516,99,5),(16517,99,5),(16518,99,5),(16519,99,5),(16520,99,5),(16521,99,5),(16522,99,5),(16523,99,5),(16524,99,5),(16525,99,5),(16526,99,5),(16527,100,5),(16528,100,5),(16529,100,5),(16530,100,5),(16531,100,5),(16532,100,5),(16533,100,5),(16534,100,5),(16535,100,5),(16536,100,5),(16537,100,5),(16538,100,5),(16539,100,5),(16540,100,5),(16541,100,5),(16542,100,5),(16543,100,5),(16544,100,5),(16545,100,5),(16546,100,5),(16547,100,5),(16548,100,5),(16549,100,5),(16550,100,5),(16551,100,5),(16552,100,5),(16553,100,5),(16554,100,5),(16555,100,5),(16556,100,5),(16557,100,5),(16558,100,5),(16559,100,5),(16560,100,5),(16561,100,5),(16562,100,5),(16563,100,5),(16564,100,5),(16565,100,5),(16566,100,5),(16567,100,5),(16568,100,5),(16569,100,5),(16570,100,5),(16571,100,5),(16572,100,5),(16573,100,5),(16574,100,5),(16575,100,5),(16576,100,5),(16577,100,5),(16578,100,5),(16579,100,5),(16580,100,5),(16581,100,5),(16582,100,5),(16583,100,5),(16584,100,5),(16585,100,5),(16586,100,5),(16587,100,5),(16588,100,5),(16589,100,5),(16590,100,5),(16591,100,5),(16592,100,5),(16593,100,5),(16594,100,5),(16595,100,5),(16596,101,5),(16597,101,5),(16598,101,5),(16599,101,5),(16600,101,5),(16601,101,5),(16602,101,5),(16603,101,5),(16604,101,5),(16605,101,5),(16606,101,5),(16607,101,5),(16608,101,5),(16609,101,5),(16610,101,5),(16611,101,5),(16612,101,5),(16613,101,5),(16614,101,5),(16615,101,5),(16616,101,5),(16617,101,5),(16618,101,5),(16619,101,5),(16620,102,5),(16621,102,5),(16622,102,5),(16623,102,5),(16624,102,5),(16625,102,5),(16626,102,5),(16627,102,5),(16628,102,5),(16629,102,5),(16630,102,5),(16631,102,5),(16632,102,5),(16633,102,5),(16634,102,5),(16635,102,5),(16636,102,5),(16637,102,5),(16638,102,5),(16639,102,5),(16640,102,5),(16641,102,5),(16642,102,5),(16643,102,5),(16644,102,5),(16645,102,5),(16646,102,5),(16647,102,5),(16648,102,5),(16649,102,5),(16650,102,5),(16651,102,5),(16652,102,5),(16653,102,5),(16654,102,5),(16655,102,5),(16656,102,5),(16657,102,5),(16658,102,5),(16659,102,5),(16660,102,5),(16661,102,5),(16662,102,5),(16663,102,5),(16664,102,5),(16665,102,5),(16666,102,5),(16667,102,5),(16668,102,5),(16669,102,5),(16670,102,5),(16671,102,5),(16672,102,5),(16673,102,5),(16674,102,5),(16675,102,5),(16676,102,5),(16677,102,5),(16678,102,5),(16679,102,5),(16680,102,5),(16681,102,5),(16682,102,5),(16683,102,5),(16684,102,5),(16685,102,5),(16686,102,5),(16687,102,5),(16688,102,5),(16689,102,5),(16690,102,5),(16691,102,5),(16692,102,5),(16693,102,5),(16694,102,5),(16695,103,5),(16696,103,5),(16697,103,5),(16698,103,5),(16699,103,5),(16700,103,5),(16701,103,5),(16702,103,5),(16703,103,5),(16704,103,5),(16705,103,5),(16706,103,5),(16707,103,5),(16708,103,5),(16709,103,5),(16710,103,5),(16711,103,5),(16712,103,5),(16713,103,5),(16714,103,5),(16715,103,5),(16716,103,5),(16717,103,5),(16718,103,5),(16719,103,5),(16720,103,5),(16721,103,5),(16722,103,5),(16723,103,5),(16724,103,5),(16725,103,5),(16726,103,5),(16727,103,5),(16728,103,5),(16729,103,5),(16730,103,5),(16731,103,5),(16732,103,5),(16733,103,5),(16734,103,5),(16735,103,5),(16736,103,5),(16737,103,5),(16738,103,5),(16739,103,5),(16740,103,5),(16741,103,5),(16742,103,5),(16743,103,5),(16744,103,5),(16745,103,5),(16746,103,5),(16747,103,5),(16748,103,5),(16749,103,5),(16750,103,5),(16751,103,5),(16752,103,5),(16753,103,5),(16754,103,5),(16755,103,5),(16756,103,5),(16757,103,5),(16758,103,5),(16759,103,5),(16760,103,5),(16761,103,5),(16762,103,5),(16763,103,5),(16764,103,5),(16765,103,5),(16766,103,5),(16767,103,5),(16768,103,5),(16769,103,5),(16770,103,5),(16771,103,5),(16772,103,5),(16773,103,5),(16774,103,5),(16775,103,5),(16776,103,5),(16777,103,5),(16778,103,5),(16779,103,5),(16780,103,5),(16781,103,5),(16782,103,5),(16783,103,5),(16784,104,5),(16785,104,5),(16786,104,5),(16787,104,5),(16788,104,5),(16789,104,5),(16790,104,5),(16791,104,5),(16792,104,5),(16793,104,5),(16794,104,5),(16795,104,5),(16796,104,5),(16797,104,5),(16798,104,5),(16799,104,5),(16800,104,5),(16801,104,5),(16802,104,5),(16803,104,5),(16804,104,5),(16805,104,5),(16806,104,5),(16807,104,5),(16808,104,5),(16809,104,5),(16810,104,5),(16811,104,5),(16812,104,5),(16813,104,5),(16814,104,5),(16815,104,5),(16816,104,5),(16817,104,5),(16818,104,5),(16819,104,5),(16820,104,5),(16821,104,5),(16822,104,5),(16823,104,5),(16824,104,5),(16825,104,5),(16826,104,5),(16827,104,5),(16828,104,5),(16829,104,5),(16830,104,5),(16831,104,5),(16832,104,5),(16833,104,5),(16834,104,5),(16835,104,5),(16836,104,5),(16837,104,5),(16838,104,5),(16839,104,5),(16840,104,5),(16841,104,5),(16842,104,5),(16843,104,5),(16844,104,5),(16845,104,5),(16846,104,5),(16847,104,5),(16848,104,5),(16849,104,5),(16850,104,5),(16851,104,5),(16852,104,5),(16853,104,5),(16854,104,5),(16855,104,5),(16856,104,5),(16857,104,5),(16858,104,5),(16859,104,5),(16860,104,5),(16861,104,5),(16862,104,5),(16863,104,5),(16864,104,5),(16865,104,5),(16866,104,5),(16867,105,5),(16868,105,5),(16869,105,5),(16870,105,5),(16871,105,5),(16872,105,5),(16873,105,5),(16874,105,5),(16875,105,5),(16876,105,5),(16877,105,5),(16878,105,5),(16879,105,5),(16880,105,5),(16881,105,5),(16882,105,5),(16883,105,5),(16884,105,5),(16885,105,5),(16886,105,5),(16887,105,5),(16888,105,5),(16889,105,5),(16890,105,5),(16891,105,5),(16892,105,5),(16893,105,5),(16894,105,5),(16895,105,5),(16896,105,5),(16897,105,5),(16898,105,5),(16899,105,5),(16900,105,5),(16901,105,5),(16902,105,5),(16903,105,5),(16904,105,5),(16905,105,5),(16906,105,5),(16907,105,5),(16908,105,5),(16909,105,5),(16910,105,5),(16911,105,5),(16912,105,5),(16913,105,5),(16914,105,5),(16915,105,5),(16916,105,5),(16917,105,5),(16918,105,5),(16919,105,5),(16920,105,5),(16921,105,5),(16922,105,5),(16923,105,5),(16924,105,5),(16925,105,5),(16926,105,5),(16927,105,5),(16928,105,5),(16929,105,5),(16930,105,5),(16931,105,5),(16932,105,5),(16933,105,5),(16934,105,5),(16935,105,5),(16936,105,5),(16937,105,5),(16938,105,5),(16939,105,5),(16940,105,5),(16941,105,5),(16942,105,5),(16943,105,5),(16944,106,5),(16945,106,5),(16946,106,5),(16947,106,5),(16948,106,5),(16949,106,5),(16950,106,5),(16951,106,5),(16952,106,5),(16953,106,5),(16954,106,5),(16955,106,5),(16956,106,5),(16957,106,5),(16958,106,5),(16959,106,5),(16960,106,5),(16961,106,5),(16962,106,5),(16963,106,5),(16964,106,5),(16965,106,5),(16966,106,5),(16967,106,5),(16968,106,5),(16969,106,5),(16970,106,5),(16971,106,5),(16972,106,5),(16973,107,5),(16974,107,5),(16975,107,5),(16976,107,5),(16977,107,5),(16978,107,5),(16979,107,5),(16980,107,5),(16981,107,5),(16982,107,5),(16983,107,5),(16984,107,5),(16985,107,5),(16986,107,5),(16987,107,5),(16988,107,5),(16989,107,5),(16990,107,5),(16991,107,5),(16992,107,5),(16993,107,5),(16994,107,5),(16995,107,5),(16996,107,5),(16997,107,5),(16998,107,5),(16999,107,5),(17000,107,5),(17001,107,5),(17002,107,5),(17003,107,5),(17004,107,5),(17005,107,5),(17006,107,5),(17007,107,5),(17008,107,5),(17009,107,5),(17010,107,5),(17011,107,5),(17012,107,5),(17013,107,5),(17014,107,5),(17015,107,5),(17016,107,5),(17017,107,5),(17018,107,5),(17019,107,5),(17020,107,5),(17021,107,5),(17022,107,5),(17023,107,5),(17024,107,5),(17025,107,5),(17026,107,5),(17027,107,5),(17028,107,5),(17029,107,5),(17030,107,5),(17031,107,5),(17032,107,5),(17033,107,5),(17034,107,5),(17035,107,5),(17036,107,5),(17037,107,5),(17038,107,5),(17039,107,5),(17040,107,5),(17041,107,5),(17042,107,5),(17043,107,5),(17044,107,5),(17045,107,5),(17046,107,5),(17047,107,5),(17048,107,5),(17049,107,5),(17050,107,5),(17051,107,5),(17052,107,5),(17053,108,5),(17054,108,5),(17055,108,5),(17056,108,5),(17057,108,5),(17058,108,5),(17059,108,5),(17060,108,5),(17061,108,5),(17062,108,5),(17063,108,5),(17064,108,5),(17065,108,5),(17066,108,5),(17067,108,5),(17068,108,5),(17069,108,5),(17070,108,5),(17071,108,5),(17072,108,5),(17073,108,5),(17074,108,5),(17075,108,5),(17076,108,5),(17077,108,5),(17078,108,5),(17079,108,5),(17080,108,5),(17081,108,5),(17082,108,5),(17083,108,5),(17084,108,5),(17085,108,5),(17086,108,5),(17087,108,5),(17088,108,5),(17089,108,5),(17090,108,5),(17091,108,5),(17092,108,5),(17093,108,5),(17094,108,5),(17095,108,5),(17096,108,5),(17097,108,5),(17098,108,5),(17099,108,5),(17100,108,5),(17101,108,5),(17102,108,5),(17103,108,5),(17104,108,5),(17105,108,5),(17106,108,5),(17107,108,5),(17108,108,5),(17109,108,5),(17110,108,5),(17111,108,5),(17112,108,5),(17113,108,5),(17114,108,5),(17115,108,5),(17116,108,5),(17117,108,5),(17118,108,5),(17119,108,5),(17120,108,5),(17121,108,5),(17122,108,5),(17123,108,5),(17124,108,5),(17125,108,5),(17126,108,5),(17127,108,5),(17128,108,5),(17129,108,5),(17130,108,5),(17131,108,5),(17132,108,5),(17133,109,5),(17134,109,5),(17135,109,5),(17136,109,5),(17137,109,5),(17138,109,5),(17139,109,5),(17140,109,5),(17141,109,5),(17142,109,5),(17143,109,5),(17144,109,5),(17145,109,5),(17146,109,5),(17147,109,5),(17148,109,5),(17149,109,5),(17150,109,5),(17151,109,5),(17152,109,5),(17153,109,5),(17154,109,5),(17155,109,5),(17156,109,5),(17157,109,5),(17158,109,5),(17159,109,5),(17160,109,5),(17161,109,5),(17162,109,5),(17163,109,5),(17164,109,5),(17165,109,5),(17166,109,5),(17167,109,5),(17168,109,5),(17169,109,5),(17170,109,5),(17171,109,5),(17172,109,5),(17173,109,5),(17174,109,5),(17175,109,5),(17176,109,5),(17177,109,5),(17178,109,5),(17179,109,5),(17180,109,5),(17181,109,5),(17182,109,5),(17183,109,5),(17184,109,5),(17185,109,5),(17186,109,5),(17187,109,5),(17188,109,5),(17189,109,5),(17190,109,5),(17191,109,5);
/*!40000 ALTER TABLE `mamao` ENABLE KEYS */;
UNLOCK TABLES;

--
-- Table structure for table `nao_gostei`
--

DROP TABLE IF EXISTS `nao_gostei`;
/*!40101 SET @saved_cs_client     = @@character_set_client */;
/*!50503 SET character_set_client = utf8mb4 */;
CREATE TABLE `nao_gostei` (
  `id` int unsigned NOT NULL AUTO_INCREMENT,
  `id_comentario` int unsigned NOT NULL,
  `id_user` int unsigned NOT NULL,
  PRIMARY KEY (`id`),
  KEY `fk_nao_gostei_1_idx` (`id_comentario`),
  KEY `fk_nao_gostei_2_idx` (`id_user`),
  CONSTRAINT `fk_nao_gostei_1` FOREIGN KEY (`id_comentario`) REFERENCES `comentario` (`id`),
  CONSTRAINT `fk_nao_gostei_2` FOREIGN KEY (`id_user`) REFERENCES `users` (`id`)
) ENGINE=InnoDB AUTO_INCREMENT=2 DEFAULT CHARSET=latin1;
/*!40101 SET character_set_client = @saved_cs_client */;

--
-- Dumping data for table `nao_gostei`
--

LOCK TABLES `nao_gostei` WRITE;
/*!40000 ALTER TABLE `nao_gostei` DISABLE KEYS */;
INSERT INTO `nao_gostei` VALUES (1,8,7);
/*!40000 ALTER TABLE `nao_gostei` ENABLE KEYS */;
UNLOCK TABLES;

--
-- Table structure for table `penoso`
--

DROP TABLE IF EXISTS `penoso`;
/*!40101 SET @saved_cs_client     = @@character_set_client */;
/*!50503 SET character_set_client = utf8mb4 */;
CREATE TABLE `penoso` (
  `id` int unsigned NOT NULL AUTO_INCREMENT,
  `id_disciplina` int unsigned NOT NULL,
  `id_user` int unsigned NOT NULL,
  PRIMARY KEY (`id`),
  KEY `fk_penoso_1_idx` (`id_disciplina`),
  KEY `fk_penoso_2_idx` (`id_user`),
  CONSTRAINT `fk_penoso_1` FOREIGN KEY (`id_disciplina`) REFERENCES `disciplinas` (`id`),
  CONSTRAINT `fk_penoso_2` FOREIGN KEY (`id_user`) REFERENCES `users` (`id`)
) ENGINE=InnoDB AUTO_INCREMENT=8194 DEFAULT CHARSET=utf8mb4 COLLATE=utf8mb4_0900_ai_ci;
/*!40101 SET character_set_client = @saved_cs_client */;

--
-- Dumping data for table `penoso`
--

LOCK TABLES `penoso` WRITE;
/*!40000 ALTER TABLE `penoso` DISABLE KEYS */;
INSERT INTO `penoso` VALUES (6037,30,5),(6038,30,5),(6039,30,5),(6040,30,5),(6041,30,5),(6042,30,5),(6043,30,5),(6044,30,5),(6045,30,5),(6046,30,5),(6047,30,5),(6048,30,5),(6049,30,5),(6050,30,5),(6051,30,5),(6052,30,5),(6053,30,5),(6054,30,5),(6055,30,5),(6056,30,5),(6057,30,5),(6058,30,5),(6059,30,5),(6060,30,5),(6061,30,5),(6062,30,5),(6063,30,5),(6064,30,5),(6065,30,5),(6066,30,5),(6067,30,5),(6068,30,5),(6069,31,5),(6070,31,5),(6071,31,5),(6072,31,5),(6073,31,5),(6074,31,5),(6075,31,5),(6076,31,5),(6077,31,5),(6078,31,5),(6079,31,5),(6080,31,5),(6081,31,5),(6082,31,5),(6083,31,5),(6084,31,5),(6085,31,5),(6086,31,5),(6087,31,5),(6088,31,5),(6089,31,5),(6090,31,5),(6091,31,5),(6092,31,5),(6093,31,5),(6094,31,5),(6095,31,5),(6096,31,5),(6097,31,5),(6098,31,5),(6099,31,5),(6100,31,5),(6101,31,5),(6102,31,5),(6103,31,5),(6104,31,5),(6105,31,5),(6106,31,5),(6107,31,5),(6108,31,5),(6109,31,5),(6110,31,5),(6111,31,5),(6112,32,5),(6113,32,5),(6114,32,5),(6115,32,5),(6116,32,5),(6117,32,5),(6118,32,5),(6119,32,5),(6120,32,5),(6121,32,5),(6122,32,5),(6123,32,5),(6124,32,5),(6125,32,5),(6126,32,5),(6127,32,5),(6128,32,5),(6129,32,5),(6130,32,5),(6131,32,5),(6132,32,5),(6133,32,5),(6134,32,5),(6135,32,5),(6136,32,5),(6137,32,5),(6138,32,5),(6139,32,5),(6140,32,5),(6141,32,5),(6142,32,5),(6143,32,5),(6144,32,5),(6145,32,5),(6146,32,5),(6147,32,5),(6148,32,5),(6149,32,5),(6150,32,5),(6151,32,5),(6152,32,5),(6153,32,5),(6154,32,5),(6155,32,5),(6156,33,5),(6157,33,5),(6158,33,5),(6159,33,5),(6160,33,5),(6161,33,5),(6162,33,5),(6163,33,5),(6164,33,5),(6165,33,5),(6166,33,5),(6167,33,5),(6168,33,5),(6169,33,5),(6170,33,5),(6171,33,5),(6172,33,5),(6173,33,5),(6174,33,5),(6175,33,5),(6176,33,5),(6177,34,5),(6178,34,5),(6179,34,5),(6180,34,5),(6181,34,5),(6182,34,5),(6183,34,5),(6184,34,5),(6185,34,5),(6186,34,5),(6187,34,5),(6188,34,5),(6189,34,5),(6190,34,5),(6191,34,5),(6192,35,5),(6193,35,5),(6194,35,5),(6195,35,5),(6196,35,5),(6197,35,5),(6198,35,5),(6199,35,5),(6200,35,5),(6201,35,5),(6202,35,5),(6203,35,5),(6204,35,5),(6205,35,5),(6206,35,5),(6207,35,5),(6208,35,5),(6209,35,5),(6210,35,5),(6211,36,5),(6212,36,5),(6213,36,5),(6214,36,5),(6215,36,5),(6216,36,5),(6217,36,5),(6218,36,5),(6219,36,5),(6220,36,5),(6221,36,5),(6222,36,5),(6223,36,5),(6224,36,5),(6225,36,5),(6226,37,5),(6227,37,5),(6228,37,5),(6229,37,5),(6230,37,5),(6231,37,5),(6232,37,5),(6233,37,5),(6234,37,5),(6235,37,5),(6236,37,5),(6237,37,5),(6238,37,5),(6239,37,5),(6240,37,5),(6241,37,5),(6242,37,5),(6243,37,5),(6244,37,5),(6245,37,5),(6246,37,5),(6247,37,5),(6248,37,5),(6249,37,5),(6250,37,5),(6251,37,5),(6252,37,5),(6253,37,5),(6254,37,5),(6255,37,5),(6256,37,5),(6257,38,5),(6258,38,5),(6259,38,5),(6260,39,5),(6261,39,5),(6262,39,5),(6263,39,5),(6264,39,5),(6265,39,5),(6266,39,5),(6267,39,5),(6268,39,5),(6269,39,5),(6270,39,5),(6271,39,5),(6272,39,5),(6273,39,5),(6274,39,5),(6275,39,5),(6276,39,5),(6277,39,5),(6278,39,5),(6279,39,5),(6280,39,5),(6281,39,5),(6282,39,5),(6283,39,5),(6284,39,5),(6285,39,5),(6286,39,5),(6287,39,5),(6288,40,5),(6289,40,5),(6290,40,5),(6291,40,5),(6292,40,5),(6293,40,5),(6294,40,5),(6295,40,5),(6296,40,5),(6297,40,5),(6298,40,5),(6299,40,5),(6300,40,5),(6301,40,5),(6302,40,5),(6303,40,5),(6304,40,5),(6305,40,5),(6306,40,5),(6307,40,5),(6308,40,5),(6309,40,5),(6310,40,5),(6311,40,5),(6312,40,5),(6313,40,5),(6314,40,5),(6315,40,5),(6316,40,5),(6317,41,5),(6318,41,5),(6319,41,5),(6320,41,5),(6321,41,5),(6322,41,5),(6323,41,5),(6324,41,5),(6325,41,5),(6326,41,5),(6327,41,5),(6328,41,5),(6329,41,5),(6330,41,5),(6331,41,5),(6332,41,5),(6333,41,5),(6334,41,5),(6335,41,5),(6336,41,5),(6337,41,5),(6338,41,5),(6339,41,5),(6340,41,5),(6341,41,5),(6342,41,5),(6343,41,5),(6344,41,5),(6345,41,5),(6346,41,5),(6347,41,5),(6348,41,5),(6349,41,5),(6350,41,5),(6351,41,5),(6352,41,5),(6353,41,5),(6354,41,5),(6355,41,5),(6356,42,5),(6357,42,5),(6358,42,5),(6359,42,5),(6360,42,5),(6361,42,5),(6362,42,5),(6363,42,5),(6364,42,5),(6365,42,5),(6366,42,5),(6367,42,5),(6368,42,5),(6369,42,5),(6370,42,5),(6371,42,5),(6372,43,5),(6373,43,5),(6374,43,5),(6375,43,5),(6376,43,5),(6377,43,5),(6378,43,5),(6379,43,5),(6380,43,5),(6381,43,5),(6382,43,5),(6383,43,5),(6384,43,5),(6385,43,5),(6386,43,5),(6387,43,5),(6388,43,5),(6389,43,5),(6390,43,5),(6391,43,5),(6392,43,5),(6393,43,5),(6394,43,5),(6395,43,5),(6396,43,5),(6397,43,5),(6398,43,5),(6399,43,5),(6400,43,5),(6401,43,5),(6402,43,5),(6403,43,5),(6404,43,5),(6405,43,5),(6406,43,5),(6407,43,5),(6408,43,5),(6409,43,5),(6410,43,5),(6411,43,5),(6412,43,5),(6413,43,5),(6414,43,5),(6415,43,5),(6416,43,5),(6417,44,5),(6418,44,5),(6419,44,5),(6420,44,5),(6421,44,5),(6422,44,5),(6423,44,5),(6424,44,5),(6425,44,5),(6426,44,5),(6427,44,5),(6428,44,5),(6429,44,5),(6430,44,5),(6431,44,5),(6432,44,5),(6433,44,5),(6434,44,5),(6435,44,5),(6436,44,5),(6437,44,5),(6438,44,5),(6439,44,5),(6440,44,5),(6441,44,5),(6442,44,5),(6443,44,5),(6444,44,5),(6445,44,5),(6446,44,5),(6447,44,5),(6448,44,5),(6449,44,5),(6450,44,5),(6451,44,5),(6452,45,5),(6453,45,5),(6454,46,5),(6455,46,5),(6456,46,5),(6457,46,5),(6458,46,5),(6459,46,5),(6460,46,5),(6461,46,5),(6462,46,5),(6463,46,5),(6464,46,5),(6465,46,5),(6466,46,5),(6467,46,5),(6468,46,5),(6469,46,5),(6470,46,5),(6471,46,5),(6472,46,5),(6473,46,5),(6474,47,5),(6475,47,5),(6476,47,5),(6477,47,5),(6478,47,5),(6479,47,5),(6480,47,5),(6481,47,5),(6482,47,5),(6483,47,5),(6484,48,5),(6485,48,5),(6486,48,5),(6487,48,5),(6488,48,5),(6489,48,5),(6490,48,5),(6491,48,5),(6492,48,5),(6493,48,5),(6494,49,5),(6495,49,5),(6496,49,5),(6497,49,5),(6498,49,5),(6499,49,5),(6500,49,5),(6501,49,5),(6502,50,5),(6503,50,5),(6504,50,5),(6505,50,5),(6506,50,5),(6507,50,5),(6508,50,5),(6509,50,5),(6510,51,5),(6511,51,5),(6512,51,5),(6513,51,5),(6514,51,5),(6515,51,5),(6516,51,5),(6517,51,5),(6518,51,5),(6519,51,5),(6520,51,5),(6521,51,5),(6522,51,5),(6523,51,5),(6524,51,5),(6525,51,5),(6526,51,5),(6527,51,5),(6528,51,5),(6529,51,5),(6530,52,5),(6531,52,5),(6532,52,5),(6533,52,5),(6534,52,5),(6535,52,5),(6536,52,5),(6537,52,5),(6538,52,5),(6539,52,5),(6540,52,5),(6541,52,5),(6542,52,5),(6543,52,5),(6544,52,5),(6545,52,5),(6546,52,5),(6547,52,5),(6548,52,5),(6549,52,5),(6550,52,5),(6551,52,5),(6552,52,5),(6553,52,5),(6554,52,5),(6555,53,5),(6556,53,5),(6557,53,5),(6558,53,5),(6559,53,5),(6560,53,5),(6561,53,5),(6562,53,5),(6563,53,5),(6564,53,5),(6565,53,5),(6566,53,5),(6567,54,5),(6568,54,5),(6569,54,5),(6570,54,5),(6571,54,5),(6572,54,5),(6573,55,5),(6574,55,5),(6575,55,5),(6576,55,5),(6577,55,5),(6578,55,5),(6579,55,5),(6580,55,5),(6581,55,5),(6582,55,5),(6583,55,5),(6584,55,5),(6585,55,5),(6586,55,5),(6587,55,5),(6588,55,5),(6589,55,5),(6590,55,5),(6591,55,5),(6592,55,5),(6593,55,5),(6594,55,5),(6595,55,5),(6596,55,5),(6597,55,5),(6598,56,5),(6599,56,5),(6600,56,5),(6601,56,5),(6602,56,5),(6603,56,5),(6604,56,5),(6605,57,5),(6606,57,5),(6607,57,5),(6608,57,5),(6609,57,5),(6610,57,5),(6611,57,5),(6612,57,5),(6613,57,5),(6614,57,5),(6615,57,5),(6616,57,5),(6617,57,5),(6618,57,5),(6619,57,5),(6620,57,5),(6621,57,5),(6622,57,5),(6623,57,5),(6624,57,5),(6625,57,5),(6626,57,5),(6627,57,5),(6628,58,5),(6629,58,5),(6630,58,5),(6631,58,5),(6632,58,5),(6633,58,5),(6634,58,5),(6635,58,5),(6636,58,5),(6637,58,5),(6638,58,5),(6639,58,5),(6640,58,5),(6641,58,5),(6642,58,5),(6643,58,5),(6644,58,5),(6645,58,5),(6646,58,5),(6647,58,5),(6648,59,5),(6649,59,5),(6650,59,5),(6651,59,5),(6652,59,5),(6653,59,5),(6654,59,5),(6655,59,5),(6656,59,5),(6657,59,5),(6658,59,5),(6659,59,5),(6660,59,5),(6661,59,5),(6662,59,5),(6663,60,5),(6664,60,5),(6665,60,5),(6666,60,5),(6667,60,5),(6668,60,5),(6669,60,5),(6670,60,5),(6671,60,5),(6672,60,5),(6673,60,5),(6674,60,5),(6675,60,5),(6676,60,5),(6677,60,5),(6678,60,5),(6679,60,5),(6680,60,5),(6681,60,5),(6682,61,5),(6683,61,5),(6684,61,5),(6685,61,5),(6686,61,5),(6687,61,5),(6688,61,5),(6689,61,5),(6690,61,5),(6691,62,5),(6692,62,5),(6693,62,5),(6694,62,5),(6695,62,5),(6696,62,5),(6697,62,5),(6698,62,5),(6699,62,5),(6700,62,5),(6701,63,5),(6702,63,5),(6703,63,5),(6704,63,5),(6705,63,5),(6706,63,5),(6707,63,5),(6708,63,5),(6709,63,5),(6710,63,5),(6711,63,5),(6712,63,5),(6713,63,5),(6714,63,5),(6715,63,5),(6716,63,5),(6717,63,5),(6718,63,5),(6719,63,5),(6720,63,5),(6721,64,5),(6722,64,5),(6723,64,5),(6724,64,5),(6725,64,5),(6726,64,5),(6727,64,5),(6728,64,5),(6729,64,5),(6730,64,5),(6731,64,5),(6732,64,5),(6733,64,5),(6734,64,5),(6735,64,5),(6736,64,5),(6737,64,5),(6738,64,5),(6739,64,5),(6740,64,5),(6741,64,5),(6742,64,5),(6743,64,5),(6744,64,5),(6745,64,5),(6746,64,5),(6747,64,5),(6748,64,5),(6749,64,5),(6750,64,5),(6751,64,5),(6752,64,5),(6753,64,5),(6754,64,5),(6755,64,5),(6756,64,5),(6757,64,5),(6758,64,5),(6759,64,5),(6760,64,5),(6761,64,5),(6762,64,5),(6763,64,5),(6764,64,5),(6765,64,5),(6766,64,5),(6767,64,5),(6768,64,5),(6769,64,5),(6770,64,5),(6771,64,5),(6772,64,5),(6773,64,5),(6774,64,5),(6775,64,5),(6776,64,5),(6777,64,5),(6778,64,5),(6779,64,5),(6780,64,5),(6781,64,5),(6782,64,5),(6783,64,5),(6784,64,5),(6785,64,5),(6786,64,5),(6787,64,5),(6788,64,5),(6789,64,5),(6790,64,5),(6791,64,5),(6792,64,5),(6793,64,5),(6794,64,5),(6795,64,5),(6796,65,5),(6797,65,5),(6798,65,5),(6799,65,5),(6800,65,5),(6801,65,5),(6802,65,5),(6803,65,5),(6804,65,5),(6805,65,5),(6806,65,5),(6807,65,5),(6808,65,5),(6809,65,5),(6810,65,5),(6811,65,5),(6812,65,5),(6813,65,5),(6814,65,5),(6815,65,5),(6816,65,5),(6817,65,5),(6818,65,5),(6819,65,5),(6820,65,5),(6821,65,5),(6822,65,5),(6823,65,5),(6824,65,5),(6825,65,5),(6826,65,5),(6827,65,5),(6828,65,5),(6829,65,5),(6830,65,5),(6831,65,5),(6832,65,5),(6833,65,5),(6834,65,5),(6835,65,5),(6836,65,5),(6837,65,5),(6838,65,5),(6839,65,5),(6840,65,5),(6841,65,5),(6842,65,5),(6843,65,5),(6844,65,5),(6845,65,5),(6846,65,5),(6847,65,5),(6848,66,5),(6849,66,5),(6850,66,5),(6851,66,5),(6852,66,5),(6853,66,5),(6854,66,5),(6855,66,5),(6856,66,5),(6857,66,5),(6858,66,5),(6859,66,5),(6860,66,5),(6861,66,5),(6862,66,5),(6863,66,5),(6864,66,5),(6865,66,5),(6866,66,5),(6867,66,5),(6868,66,5),(6869,66,5),(6870,66,5),(6871,66,5),(6872,66,5),(6873,66,5),(6874,66,5),(6875,66,5),(6876,66,5),(6877,66,5),(6878,66,5),(6879,66,5),(6880,66,5),(6881,66,5),(6882,66,5),(6883,66,5),(6884,66,5),(6885,66,5),(6886,66,5),(6887,66,5),(6888,66,5),(6889,66,5),(6890,66,5),(6891,66,5),(6892,66,5),(6893,66,5),(6894,66,5),(6895,66,5),(6896,66,5),(6897,66,5),(6898,66,5),(6899,66,5),(6900,66,5),(6901,66,5),(6902,66,5),(6903,66,5),(6904,66,5),(6905,66,5),(6906,66,5),(6907,66,5),(6908,66,5),(6909,66,5),(6910,66,5),(6911,66,5),(6912,66,5),(6913,66,5),(6914,66,5),(6915,66,5),(6916,66,5),(6917,66,5),(6918,67,5),(6919,67,5),(6920,67,5),(6921,67,5),(6922,67,5),(6923,67,5),(6924,67,5),(6925,67,5),(6926,67,5),(6927,67,5),(6928,67,5),(6929,67,5),(6930,67,5),(6931,67,5),(6932,67,5),(6933,67,5),(6934,67,5),(6935,67,5),(6936,67,5),(6937,67,5),(6938,67,5),(6939,67,5),(6940,67,5),(6941,67,5),(6942,67,5),(6943,67,5),(6944,67,5),(6945,67,5),(6946,67,5),(6947,67,5),(6948,67,5),(6949,67,5),(6950,67,5),(6951,67,5),(6952,67,5),(6953,67,5),(6954,67,5),(6955,67,5),(6956,67,5),(6957,67,5),(6958,67,5),(6959,67,5),(6960,67,5),(6961,67,5),(6962,67,5),(6963,67,5),(6964,67,5),(6965,67,5),(6966,67,5),(6967,67,5),(6968,67,5),(6969,67,5),(6970,67,5),(6971,67,5),(6972,67,5),(6973,67,5),(6974,67,5),(6975,67,5),(6976,67,5),(6977,67,5),(6978,67,5),(6979,67,5),(6980,67,5),(6981,67,5),(6982,67,5),(6983,67,5),(6984,67,5),(6985,67,5),(6986,68,5),(6987,68,5),(6988,68,5),(6989,68,5),(6990,68,5),(6991,68,5),(6992,68,5),(6993,68,5),(6994,68,5),(6995,68,5),(6996,68,5),(6997,68,5),(6998,68,5),(6999,68,5),(7000,68,5),(7001,68,5),(7002,68,5),(7003,68,5),(7004,68,5),(7005,68,5),(7006,68,5),(7007,68,5),(7008,68,5),(7009,68,5),(7010,68,5),(7011,68,5),(7012,68,5),(7013,68,5),(7014,68,5),(7015,68,5),(7016,68,5),(7017,68,5),(7018,68,5),(7019,68,5),(7020,68,5),(7021,68,5),(7022,68,5),(7023,68,5),(7024,68,5),(7025,68,5),(7026,68,5),(7027,68,5),(7028,68,5),(7029,69,5),(7030,69,5),(7031,69,5),(7032,69,5),(7033,69,5),(7034,69,5),(7035,69,5),(7036,69,5),(7037,69,5),(7038,69,5),(7039,69,5),(7040,69,5),(7041,69,5),(7042,69,5),(7043,69,5),(7044,70,5),(7045,70,5),(7046,70,5),(7047,70,5),(7048,70,5),(7049,70,5),(7050,70,5),(7051,70,5),(7052,70,5),(7053,70,5),(7054,70,5),(7055,70,5),(7056,70,5),(7057,70,5),(7058,70,5),(7059,70,5),(7060,70,5),(7061,70,5),(7062,70,5),(7063,70,5),(7064,70,5),(7065,70,5),(7066,70,5),(7067,70,5),(7068,71,5),(7069,71,5),(7070,71,5),(7071,71,5),(7072,71,5),(7073,71,5),(7074,71,5),(7075,71,5),(7076,71,5),(7077,71,5),(7078,71,5),(7079,71,5),(7080,71,5),(7081,71,5),(7082,71,5),(7083,71,5),(7084,71,5),(7085,71,5),(7086,71,5),(7087,71,5),(7088,71,5),(7089,71,5),(7090,71,5),(7091,71,5),(7092,71,5),(7093,71,5),(7094,71,5),(7095,71,5),(7096,71,5),(7097,71,5),(7098,71,5),(7099,71,5),(7100,71,5),(7101,72,5),(7102,72,5),(7103,72,5),(7104,72,5),(7105,72,5),(7106,72,5),(7107,72,5),(7108,72,5),(7109,72,5),(7110,72,5),(7111,72,5),(7112,72,5),(7113,72,5),(7114,72,5),(7115,72,5),(7116,72,5),(7117,72,5),(7118,72,5),(7119,72,5),(7120,72,5),(7121,72,5),(7122,72,5),(7123,73,5),(7124,73,5),(7125,73,5),(7126,73,5),(7127,73,5),(7128,73,5),(7129,73,5),(7130,73,5),(7131,73,5),(7132,73,5),(7133,73,5),(7134,73,5),(7135,73,5),(7136,73,5),(7137,73,5),(7138,73,5),(7139,73,5),(7140,73,5),(7141,73,5),(7142,73,5),(7143,73,5),(7144,73,5),(7145,73,5),(7146,73,5),(7147,73,5),(7148,73,5),(7149,73,5),(7150,73,5),(7151,73,5),(7152,73,5),(7153,73,5),(7154,73,5),(7155,73,5),(7156,73,5),(7157,73,5),(7158,73,5),(7159,73,5),(7160,73,5),(7161,73,5),(7162,73,5),(7163,73,5),(7164,73,5),(7165,73,5),(7166,73,5),(7167,73,5),(7168,74,5),(7169,74,5),(7170,74,5),(7171,74,5),(7172,74,5),(7173,74,5),(7174,74,5),(7175,74,5),(7176,74,5),(7177,74,5),(7178,74,5),(7179,74,5),(7180,75,5),(7181,75,5),(7182,75,5),(7183,75,5),(7184,75,5),(7185,75,5),(7186,75,5),(7187,75,5),(7188,75,5),(7189,75,5),(7190,75,5),(7191,75,5),(7192,75,5),(7193,75,5),(7194,75,5),(7195,75,5),(7196,75,5),(7197,75,5),(7198,75,5),(7199,75,5),(7200,75,5),(7201,75,5),(7202,75,5),(7203,75,5),(7204,75,5),(7205,75,5),(7206,75,5),(7207,75,5),(7208,75,5),(7209,75,5),(7210,75,5),(7211,75,5),(7212,75,5),(7213,75,5),(7214,75,5),(7215,75,5),(7216,75,5),(7217,76,5),(7218,76,5),(7219,76,5),(7220,76,5),(7221,76,5),(7222,76,5),(7223,76,5),(7224,76,5),(7225,76,5),(7226,76,5),(7227,76,5),(7228,76,5),(7229,76,5),(7230,77,5),(7231,77,5),(7232,77,5),(7233,77,5),(7234,77,5),(7235,77,5),(7236,77,5),(7237,77,5),(7238,77,5),(7239,77,5),(7240,77,5),(7241,77,5),(7242,77,5),(7243,77,5),(7244,78,5),(7245,78,5),(7246,78,5),(7247,78,5),(7248,78,5),(7249,78,5),(7250,79,5),(7251,79,5),(7252,79,5),(7253,79,5),(7254,79,5),(7255,79,5),(7256,79,5),(7257,79,5),(7258,79,5),(7259,79,5),(7260,79,5),(7261,79,5),(7262,79,5),(7263,79,5),(7264,79,5),(7265,79,5),(7266,79,5),(7267,79,5),(7268,79,5),(7269,79,5),(7270,79,5),(7271,79,5),(7272,79,5),(7273,79,5),(7274,79,5),(7275,79,5),(7276,79,5),(7277,79,5),(7278,79,5),(7279,79,5),(7280,79,5),(7281,79,5),(7282,79,5),(7283,79,5),(7284,79,5),(7285,79,5),(7286,79,5),(7287,79,5),(7288,79,5),(7289,79,5),(7290,79,5),(7291,79,5),(7292,79,5),(7293,79,5),(7294,79,5),(7295,79,5),(7296,79,5),(7297,79,5),(7298,79,5),(7299,79,5),(7300,79,5),(7301,79,5),(7302,79,5),(7303,79,5),(7304,79,5),(7305,79,5),(7306,79,5),(7307,79,5),(7308,79,5),(7309,79,5),(7310,79,5),(7311,79,5),(7312,79,5),(7313,79,5),(7314,79,5),(7315,79,5),(7316,80,5),(7317,80,5),(7318,80,5),(7319,80,5),(7320,80,5),(7321,80,5),(7322,80,5),(7323,80,5),(7324,80,5),(7325,80,5),(7326,80,5),(7327,80,5),(7328,80,5),(7329,80,5),(7330,80,5),(7331,80,5),(7332,80,5),(7333,80,5),(7334,80,5),(7335,80,5),(7336,80,5),(7337,81,5),(7338,81,5),(7339,81,5),(7340,81,5),(7341,81,5),(7342,81,5),(7343,81,5),(7344,81,5),(7345,81,5),(7346,81,5),(7347,81,5),(7348,81,5),(7349,81,5),(7350,81,5),(7351,81,5),(7352,81,5),(7353,81,5),(7354,81,5),(7355,81,5),(7356,81,5),(7357,81,5),(7358,81,5),(7359,81,5),(7360,81,5),(7361,81,5),(7362,82,5),(7363,82,5),(7364,82,5),(7365,82,5),(7366,82,5),(7367,82,5),(7368,82,5),(7369,82,5),(7370,82,5),(7371,82,5),(7372,82,5),(7373,82,5),(7374,82,5),(7375,82,5),(7376,82,5),(7377,82,5),(7378,82,5),(7379,82,5),(7380,82,5),(7381,82,5),(7382,82,5),(7383,82,5),(7384,82,5),(7385,82,5),(7386,82,5),(7387,82,5),(7388,82,5),(7389,82,5),(7390,82,5),(7391,82,5),(7392,82,5),(7393,82,5),(7394,82,5),(7395,82,5),(7396,82,5),(7397,82,5),(7398,82,5),(7399,82,5),(7400,82,5),(7401,82,5),(7402,83,5),(7403,83,5),(7404,83,5),(7405,84,5),(7406,84,5),(7407,84,5),(7408,84,5),(7409,84,5),(7410,84,5),(7411,84,5),(7412,84,5),(7413,84,5),(7414,84,5),(7415,84,5),(7416,84,5),(7417,84,5),(7418,84,5),(7419,84,5),(7420,85,5),(7421,85,5),(7422,85,5),(7423,85,5),(7424,85,5),(7425,85,5),(7426,85,5),(7427,85,5),(7428,85,5),(7429,85,5),(7430,85,5),(7431,85,5),(7432,85,5),(7433,85,5),(7434,85,5),(7435,85,5),(7436,85,5),(7437,85,5),(7438,85,5),(7439,85,5),(7440,85,5),(7441,85,5),(7442,85,5),(7443,85,5),(7444,85,5),(7445,85,5),(7446,85,5),(7447,85,5),(7448,85,5),(7449,85,5),(7450,85,5),(7451,85,5),(7452,85,5),(7453,85,5),(7454,85,5),(7455,86,5),(7456,86,5),(7457,86,5),(7458,86,5),(7459,86,5),(7460,86,5),(7461,86,5),(7462,86,5),(7463,86,5),(7464,86,5),(7465,86,5),(7466,86,5),(7467,86,5),(7468,86,5),(7469,86,5),(7470,86,5),(7471,86,5),(7472,86,5),(7473,86,5),(7474,86,5),(7475,86,5),(7476,86,5),(7477,86,5),(7478,86,5),(7479,86,5),(7480,86,5),(7481,86,5),(7482,86,5),(7483,86,5),(7484,86,5),(7485,86,5),(7486,86,5),(7487,86,5),(7488,86,5),(7489,86,5),(7490,86,5),(7491,86,5),(7492,86,5),(7493,86,5),(7494,86,5),(7495,86,5),(7496,86,5),(7497,86,5),(7498,86,5),(7499,86,5),(7500,86,5),(7501,86,5),(7502,86,5),(7503,86,5),(7504,86,5),(7505,86,5),(7506,86,5),(7507,86,5),(7508,86,5),(7509,86,5),(7510,86,5),(7511,86,5),(7512,86,5),(7513,86,5),(7514,86,5),(7515,86,5),(7516,86,5),(7517,86,5),(7518,86,5),(7519,87,5),(7520,87,5),(7521,87,5),(7522,87,5),(7523,87,5),(7524,87,5),(7525,87,5),(7526,87,5),(7527,87,5),(7528,87,5),(7529,87,5),(7530,87,5),(7531,87,5),(7532,87,5),(7533,87,5),(7534,87,5),(7535,87,5),(7536,87,5),(7537,87,5),(7538,87,5),(7539,87,5),(7540,87,5),(7541,87,5),(7542,87,5),(7543,87,5),(7544,87,5),(7545,87,5),(7546,87,5),(7547,87,5),(7548,87,5),(7549,87,5),(7550,87,5),(7551,87,5),(7552,87,5),(7553,87,5),(7554,87,5),(7555,87,5),(7556,87,5),(7557,87,5),(7558,87,5),(7559,87,5),(7560,87,5),(7561,87,5),(7562,87,5),(7563,87,5),(7564,87,5),(7565,87,5),(7566,87,5),(7567,87,5),(7568,87,5),(7569,87,5),(7570,87,5),(7571,87,5),(7572,87,5),(7573,87,5),(7574,87,5),(7575,87,5),(7576,87,5),(7577,87,5),(7578,87,5),(7579,87,5),(7580,87,5),(7581,87,5),(7582,87,5),(7583,87,5),(7584,87,5),(7585,87,5),(7586,87,5),(7587,87,5),(7588,87,5),(7589,87,5),(7590,87,5),(7591,87,5),(7592,87,5),(7593,87,5),(7594,87,5),(7595,87,5),(7596,87,5),(7597,88,5),(7598,88,5),(7599,88,5),(7600,88,5),(7601,88,5),(7602,88,5),(7603,88,5),(7604,88,5),(7605,88,5),(7606,88,5),(7607,88,5),(7608,88,5),(7609,88,5),(7610,89,5),(7611,89,5),(7612,89,5),(7613,89,5),(7614,89,5),(7615,89,5),(7616,89,5),(7617,89,5),(7618,89,5),(7619,89,5),(7620,89,5),(7621,89,5),(7622,89,5),(7623,89,5),(7624,89,5),(7625,89,5),(7626,89,5),(7627,90,5),(7628,90,5),(7629,90,5),(7630,90,5),(7631,90,5),(7632,90,5),(7633,90,5),(7634,90,5),(7635,90,5),(7636,90,5),(7637,90,5),(7638,90,5),(7639,90,5),(7640,90,5),(7641,90,5),(7642,90,5),(7643,90,5),(7644,90,5),(7645,90,5),(7646,90,5),(7647,90,5),(7648,90,5),(7649,90,5),(7650,90,5),(7651,90,5),(7652,90,5),(7653,90,5),(7654,91,5),(7655,91,5),(7656,91,5),(7657,91,5),(7658,91,5),(7659,91,5),(7660,91,5),(7661,91,5),(7662,91,5),(7663,91,5),(7664,91,5),(7665,91,5),(7666,91,5),(7667,91,5),(7668,91,5),(7669,91,5),(7670,91,5),(7671,91,5),(7672,91,5),(7673,91,5),(7674,91,5),(7675,91,5),(7676,91,5),(7677,91,5),(7678,91,5),(7679,91,5),(7680,91,5),(7681,92,5),(7682,92,5),(7683,92,5),(7684,92,5),(7685,92,5),(7686,92,5),(7687,93,5),(7688,93,5),(7689,93,5),(7690,93,5),(7691,93,5),(7692,93,5),(7693,93,5),(7694,93,5),(7695,93,5),(7696,94,5),(7697,94,5),(7698,94,5),(7699,94,5),(7700,94,5),(7701,94,5),(7702,94,5),(7703,94,5),(7704,94,5),(7705,94,5),(7706,94,5),(7707,94,5),(7708,94,5),(7709,94,5),(7710,94,5),(7711,94,5),(7712,94,5),(7713,94,5),(7714,94,5),(7715,94,5),(7716,94,5),(7717,94,5),(7718,94,5),(7719,94,5),(7720,94,5),(7721,95,5),(7722,95,5),(7723,95,5),(7724,95,5),(7725,95,5),(7726,95,5),(7727,95,5),(7728,95,5),(7729,95,5),(7730,95,5),(7731,95,5),(7732,95,5),(7733,95,5),(7734,95,5),(7735,95,5),(7736,95,5),(7737,95,5),(7738,95,5),(7739,95,5),(7740,95,5),(7741,96,5),(7742,96,5),(7743,96,5),(7744,96,5),(7745,96,5),(7746,96,5),(7747,96,5),(7748,96,5),(7749,96,5),(7750,96,5),(7751,96,5),(7752,96,5),(7753,96,5),(7754,96,5),(7755,96,5),(7756,96,5),(7757,96,5),(7758,96,5),(7759,96,5),(7760,96,5),(7761,96,5),(7762,96,5),(7763,96,5),(7764,96,5),(7765,96,5),(7766,96,5),(7767,96,5),(7768,96,5),(7769,96,5),(7770,96,5),(7771,96,5),(7772,97,5),(7773,97,5),(7774,97,5),(7775,97,5),(7776,97,5),(7777,97,5),(7778,97,5),(7779,97,5),(7780,97,5),(7781,97,5),(7782,97,5),(7783,97,5),(7784,97,5),(7785,97,5),(7786,97,5),(7787,97,5),(7788,97,5),(7789,97,5),(7790,97,5),(7791,97,5),(7792,97,5),(7793,97,5),(7794,97,5),(7795,97,5),(7796,97,5),(7797,97,5),(7798,97,5),(7799,97,5),(7800,97,5),(7801,97,5),(7802,97,5),(7803,97,5),(7804,97,5),(7805,97,5),(7806,97,5),(7807,97,5),(7808,97,5),(7809,97,5),(7810,97,5),(7811,97,5),(7812,97,5),(7813,97,5),(7814,98,5),(7815,98,5),(7816,98,5),(7817,98,5),(7818,98,5),(7819,98,5),(7820,98,5),(7821,98,5),(7822,98,5),(7823,98,5),(7824,98,5),(7825,98,5),(7826,98,5),(7827,98,5),(7828,98,5),(7829,98,5),(7830,98,5),(7831,98,5),(7832,98,5),(7833,99,5),(7834,99,5),(7835,99,5),(7836,99,5),(7837,99,5),(7838,99,5),(7839,99,5),(7840,99,5),(7841,99,5),(7842,99,5),(7843,99,5),(7844,99,5),(7845,99,5),(7846,99,5),(7847,99,5),(7848,99,5),(7849,99,5),(7850,99,5),(7851,99,5),(7852,99,5),(7853,99,5),(7854,99,5),(7855,99,5),(7856,99,5),(7857,99,5),(7858,99,5),(7859,100,5),(7860,100,5),(7861,100,5),(7862,100,5),(7863,100,5),(7864,100,5),(7865,100,5),(7866,100,5),(7867,100,5),(7868,100,5),(7869,100,5),(7870,100,5),(7871,100,5),(7872,100,5),(7873,100,5),(7874,100,5),(7875,100,5),(7876,100,5),(7877,100,5),(7878,100,5),(7879,100,5),(7880,100,5),(7881,100,5),(7882,100,5),(7883,100,5),(7884,100,5),(7885,100,5),(7886,100,5),(7887,100,5),(7888,100,5),(7889,100,5),(7890,101,5),(7891,101,5),(7892,101,5),(7893,101,5),(7894,101,5),(7895,101,5),(7896,101,5),(7897,101,5),(7898,101,5),(7899,101,5),(7900,101,5),(7901,101,5),(7902,101,5),(7903,101,5),(7904,101,5),(7905,101,5),(7906,101,5),(7907,101,5),(7908,101,5),(7909,101,5),(7910,101,5),(7911,101,5),(7912,101,5),(7913,101,5),(7914,101,5),(7915,101,5),(7916,101,5),(7917,101,5),(7918,101,5),(7919,101,5),(7920,101,5),(7921,101,5),(7922,101,5),(7923,101,5),(7924,101,5),(7925,101,5),(7926,101,5),(7927,101,5),(7928,101,5),(7929,101,5),(7930,101,5),(7931,101,5),(7932,101,5),(7933,101,5),(7934,101,5),(7935,101,5),(7936,101,5),(7937,101,5),(7938,101,5),(7939,101,5),(7940,101,5),(7941,101,5),(7942,101,5),(7943,101,5),(7944,101,5),(7945,101,5),(7946,101,5),(7947,101,5),(7948,101,5),(7949,101,5),(7950,101,5),(7951,101,5),(7952,101,5),(7953,101,5),(7954,101,5),(7955,101,5),(7956,101,5),(7957,101,5),(7958,101,5),(7959,101,5),(7960,101,5),(7961,101,5),(7962,101,5),(7963,101,5),(7964,101,5),(7965,101,5),(7966,102,5),(7967,102,5),(7968,102,5),(7969,102,5),(7970,102,5),(7971,102,5),(7972,102,5),(7973,102,5),(7974,102,5),(7975,102,5),(7976,102,5),(7977,102,5),(7978,102,5),(7979,102,5),(7980,102,5),(7981,102,5),(7982,102,5),(7983,102,5),(7984,102,5),(7985,102,5),(7986,102,5),(7987,102,5),(7988,102,5),(7989,102,5),(7990,102,5),(7991,103,5),(7992,103,5),(7993,103,5),(7994,103,5),(7995,103,5),(7996,103,5),(7997,103,5),(7998,103,5),(7999,103,5),(8000,103,5),(8001,103,5),(8002,104,5),(8003,104,5),(8004,104,5),(8005,104,5),(8006,104,5),(8007,104,5),(8008,104,5),(8009,104,5),(8010,104,5),(8011,104,5),(8012,104,5),(8013,104,5),(8014,104,5),(8015,104,5),(8016,104,5),(8017,104,5),(8018,104,5),(8019,105,5),(8020,105,5),(8021,105,5),(8022,105,5),(8023,105,5),(8024,105,5),(8025,105,5),(8026,105,5),(8027,105,5),(8028,105,5),(8029,105,5),(8030,105,5),(8031,105,5),(8032,105,5),(8033,105,5),(8034,105,5),(8035,105,5),(8036,105,5),(8037,105,5),(8038,105,5),(8039,105,5),(8040,105,5),(8041,105,5),(8042,106,5),(8043,106,5),(8044,106,5),(8045,106,5),(8046,106,5),(8047,106,5),(8048,106,5),(8049,106,5),(8050,106,5),(8051,106,5),(8052,106,5),(8053,106,5),(8054,106,5),(8055,106,5),(8056,106,5),(8057,106,5),(8058,106,5),(8059,106,5),(8060,106,5),(8061,106,5),(8062,106,5),(8063,106,5),(8064,106,5),(8065,106,5),(8066,106,5),(8067,106,5),(8068,106,5),(8069,106,5),(8070,106,5),(8071,106,5),(8072,106,5),(8073,106,5),(8074,106,5),(8075,106,5),(8076,106,5),(8077,106,5),(8078,106,5),(8079,106,5),(8080,106,5),(8081,106,5),(8082,106,5),(8083,106,5),(8084,106,5),(8085,106,5),(8086,106,5),(8087,106,5),(8088,106,5),(8089,106,5),(8090,106,5),(8091,106,5),(8092,106,5),(8093,106,5),(8094,106,5),(8095,106,5),(8096,106,5),(8097,106,5),(8098,106,5),(8099,106,5),(8100,106,5),(8101,106,5),(8102,106,5),(8103,106,5),(8104,106,5),(8105,106,5),(8106,106,5),(8107,106,5),(8108,106,5),(8109,106,5),(8110,106,5),(8111,106,5),(8112,106,5),(8113,107,5),(8114,107,5),(8115,107,5),(8116,107,5),(8117,107,5),(8118,107,5),(8119,107,5),(8120,107,5),(8121,107,5),(8122,107,5),(8123,107,5),(8124,107,5),(8125,107,5),(8126,107,5),(8127,107,5),(8128,107,5),(8129,107,5),(8130,107,5),(8131,107,5),(8132,107,5),(8133,108,5),(8134,108,5),(8135,108,5),(8136,108,5),(8137,108,5),(8138,108,5),(8139,108,5),(8140,108,5),(8141,108,5),(8142,108,5),(8143,108,5),(8144,108,5),(8145,108,5),(8146,108,5),(8147,108,5),(8148,108,5),(8149,108,5),(8150,108,5),(8151,108,5),(8152,108,5),(8153,109,5),(8154,109,5),(8155,109,5),(8156,109,5),(8157,109,5),(8158,109,5),(8159,109,5),(8160,109,5),(8161,109,5),(8162,109,5),(8163,109,5),(8164,109,5),(8165,109,5),(8166,109,5),(8167,109,5),(8168,109,5),(8169,109,5),(8170,109,5),(8171,109,5),(8172,109,5),(8173,109,5),(8174,109,5),(8175,109,5),(8176,109,5),(8177,109,5),(8178,109,5),(8179,109,5),(8180,109,5),(8181,109,5),(8182,109,5),(8183,109,5),(8184,109,5),(8185,109,5),(8186,109,5),(8187,109,5),(8188,109,5),(8189,109,5),(8190,109,5),(8191,109,5),(8192,109,5),(8193,109,5);
/*!40000 ALTER TABLE `penoso` ENABLE KEYS */;
UNLOCK TABLES;

--
-- Table structure for table `users`
--

DROP TABLE IF EXISTS `users`;
/*!40101 SET @saved_cs_client     = @@character_set_client */;
/*!50503 SET character_set_client = utf8mb4 */;
CREATE TABLE `users` (
  `id` int unsigned NOT NULL AUTO_INCREMENT,
  `name` varchar(255) NOT NULL,
  `email` varchar(255) NOT NULL,
  `username` varchar(255) NOT NULL,
  `password` varchar(255) NOT NULL,
  `picture` text,
  PRIMARY KEY (`id`)
) ENGINE=InnoDB AUTO_INCREMENT=9 DEFAULT CHARSET=latin1;
/*!40101 SET character_set_client = @saved_cs_client */;

--
-- Dumping data for table `users`
--

LOCK TABLES `users` WRITE;
/*!40000 ALTER TABLE `users` DISABLE KEYS */;
INSERT INTO `users` VALUES (5,'Felipe Seppe de Faria','felipe.seppe@hotmail.com','fseppe','$5$rounds=535000$A34itEG3DDJYT/I0$kqj0oSAkex9npum5oqvDFuth3pju3kKjncJZiimTC15','https://avatars2.githubusercontent.com/u/42240652?s=460&v=4'),(6,'meu nome','teste','teste','$5$rounds=535000$SqdZ8e7UvC2Mh.O8$gw.SsvTosN.ui1djRj43Nf4/m7S2t38AX/6fZmbxsN4','https://avatars2.githubusercontent.com/u/42240652?s=460&v=4'),(7,'fteste','teste@mail.com','testando','$5$rounds=535000$i.Z2W/VMKLjxLPUX$M4mnE3Z8esXjUd/MyBEe9GyX2XRnqAA7HRek8Vj.203',''),(8,'Luan Gameplay','lindao@email.com','luangameplay','$5$rounds=535000$0sTtMMTIK.R1xUSX$N0n2iSYgWL/b4SlBVlP5ndyfpDnqRSv84CO/6W5IiFD','https://instagram.fplu8-1.fna.fbcdn.net/v/t51.2885-19/s150x150/39196107_536716576756999_3918096822152724480_n.jpg?_nc_ht=instagram.fplu8-1.fna.fbcdn.net&_nc_ohc=OuobejbBWDMAX-UL4zR&oh=b73a9862e2b0089d2edc5d98119470af&oe=5F8652C3');
/*!40000 ALTER TABLE `users` ENABLE KEYS */;
UNLOCK TABLES;

--
-- Final view structure for view `avaliacoes_comentario`
--

/*!50001 DROP VIEW IF EXISTS `avaliacoes_comentario`*/;
/*!50001 SET @saved_cs_client          = @@character_set_client */;
/*!50001 SET @saved_cs_results         = @@character_set_results */;
/*!50001 SET @saved_col_connection     = @@collation_connection */;
/*!50001 SET character_set_client      = utf8mb4 */;
/*!50001 SET character_set_results     = utf8mb4 */;
/*!50001 SET collation_connection      = utf8mb4_0900_ai_ci */;
/*!50001 CREATE ALGORITHM=UNDEFINED */
/*!50013 DEFINER=`root`@`localhost` SQL SECURITY DEFINER */
/*!50001 VIEW `avaliacoes_comentario` AS select `x`.`id` AS `id`,`x`.`id_comentario` AS `id_comentario`,`x`.`id_user` AS `id_user` from (select `gostei`.`id` AS `id`,`gostei`.`id_comentario` AS `id_comentario`,`gostei`.`id_user` AS `id_user` from `gostei` union all select `nao_gostei`.`id` AS `id`,`nao_gostei`.`id_comentario` AS `id_comentario`,`nao_gostei`.`id_user` AS `id_user` from `nao_gostei`) `x` */;
/*!50001 SET character_set_client      = @saved_cs_client */;
/*!50001 SET character_set_results     = @saved_cs_results */;
/*!50001 SET collation_connection      = @saved_col_connection */;

--
-- Final view structure for view `disciplinas_informacoes`
--

/*!50001 DROP VIEW IF EXISTS `disciplinas_informacoes`*/;
/*!50001 SET @saved_cs_client          = @@character_set_client */;
/*!50001 SET @saved_cs_results         = @@character_set_results */;
/*!50001 SET @saved_col_connection     = @@collation_connection */;
/*!50001 SET character_set_client      = utf8mb4 */;
/*!50001 SET character_set_results     = utf8mb4 */;
/*!50001 SET collation_connection      = utf8mb4_0900_ai_ci */;
/*!50001 CREATE ALGORITHM=UNDEFINED */
/*!50013 DEFINER=`root`@`localhost` SQL SECURITY DEFINER */
/*!50001 VIEW `disciplinas_informacoes` AS select `d`.`id` AS `id`,min(`d`.`nome`) AS `nome`,min(`d`.`nome_limpo`) AS `nome_limpo`,count(distinct `m`.`id`) AS `num_mamao`,count(distinct `p`.`id`) AS `num_penoso`,count(distinct `c`.`id`) AS `num_comentarios` from (((`disciplinas` `d` left join `mamao` `m` on((`d`.`id` = `m`.`id_disciplina`))) left join `penoso` `p` on((`d`.`id` = `p`.`id_disciplina`))) left join `comentario` `c` on((`d`.`id` = `c`.`id_disciplina`))) group by `d`.`id` */;
/*!50001 SET character_set_client      = @saved_cs_client */;
/*!50001 SET character_set_results     = @saved_cs_results */;
/*!50001 SET collation_connection      = @saved_col_connection */;
/*!40103 SET TIME_ZONE=@OLD_TIME_ZONE */;

/*!40101 SET SQL_MODE=@OLD_SQL_MODE */;
/*!40014 SET FOREIGN_KEY_CHECKS=@OLD_FOREIGN_KEY_CHECKS */;
/*!40014 SET UNIQUE_CHECKS=@OLD_UNIQUE_CHECKS */;
/*!40101 SET CHARACTER_SET_CLIENT=@OLD_CHARACTER_SET_CLIENT */;
/*!40101 SET CHARACTER_SET_RESULTS=@OLD_CHARACTER_SET_RESULTS */;
/*!40101 SET COLLATION_CONNECTION=@OLD_COLLATION_CONNECTION */;
/*!40111 SET SQL_NOTES=@OLD_SQL_NOTES */;

-- Dump completed on 2020-09-20 20:59:35
