-- MySQL dump 10.13  Distrib 8.0.21, for Linux (x86_64)
--
-- Host: localhost    Database: teste
-- ------------------------------------------------------
-- Server version	8.0.21-0ubuntu0.20.04.4

/*!40101 SET @OLD_CHARACTER_SET_CLIENT=@@CHARACTER_SET_CLIENT */;
/*!40101 SET @OLD_CHARACTER_SET_RESULTS=@@CHARACTER_SET_RESULTS */;
/*!40101 SET @OLD_COLLATION_CONNECTION=@@COLLATION_CONNECTION */;
/*!50503 SET NAMES utf8 */;
/*!40103 SET @OLD_TIME_ZONE=@@TIME_ZONE */;
/*!40103 SET TIME_ZONE='+00:00' */;
/*!40014 SET @OLD_UNIQUE_CHECKS=@@UNIQUE_CHECKS, UNIQUE_CHECKS=0 */;
/*!40014 SET @OLD_FOREIGN_KEY_CHECKS=@@FOREIGN_KEY_CHECKS, FOREIGN_KEY_CHECKS=0 */;
/*!40101 SET @OLD_SQL_MODE=@@SQL_MODE, SQL_MODE='NO_AUTO_VALUE_ON_ZERO' */;
/*!40111 SET @OLD_SQL_NOTES=@@SQL_NOTES, SQL_NOTES=0 */;

--
-- Table structure for table `comentario`
--

DROP TABLE IF EXISTS `comentario`;
/*!40101 SET @saved_cs_client     = @@character_set_client */;
/*!50503 SET character_set_client = utf8mb4 */;
CREATE TABLE `comentario` (
  `id` int unsigned NOT NULL AUTO_INCREMENT,
  `id_user` int unsigned NOT NULL,
  `id_disciplina` int unsigned NOT NULL,
  `texto` varchar(255) NOT NULL,
  PRIMARY KEY (`id`),
  KEY `id_user` (`id_user`),
  KEY `id_disciplinas` (`id_disciplina`),
  CONSTRAINT `comentario_ibfk_1` FOREIGN KEY (`id_user`) REFERENCES `users` (`id`),
  CONSTRAINT `comentario_ibfk_2` FOREIGN KEY (`id_disciplina`) REFERENCES `disciplinas` (`id`)
) ENGINE=InnoDB AUTO_INCREMENT=8 DEFAULT CHARSET=latin1;
/*!40101 SET character_set_client = @saved_cs_client */;

--
-- Dumping data for table `comentario`
--

LOCK TABLES `comentario` WRITE;
/*!40000 ALTER TABLE `comentario` DISABLE KEYS */;
/*!40000 ALTER TABLE `comentario` ENABLE KEYS */;
UNLOCK TABLES;

--
-- Table structure for table `disciplinas`
--

DROP TABLE IF EXISTS `disciplinas`;
/*!40101 SET @saved_cs_client     = @@character_set_client */;
/*!50503 SET character_set_client = utf8mb4 */;
CREATE TABLE `disciplinas` (
  `id` int unsigned NOT NULL AUTO_INCREMENT,
  `id_user` int unsigned NOT NULL,
  `nome` varchar(255) NOT NULL,
  `nome_limpo` varchar(255) NOT NULL,
  PRIMARY KEY (`id`),
  KEY `fk_disciplinas_1_idx` (`id_user`),
  CONSTRAINT `fk_disciplinas_1` FOREIGN KEY (`id_user`) REFERENCES `users` (`id`)
) ENGINE=InnoDB AUTO_INCREMENT=111 DEFAULT CHARSET=latin1;
/*!40101 SET character_set_client = @saved_cs_client */;

--
-- Dumping data for table `disciplinas`
--

LOCK TABLES `disciplinas` WRITE;
/*!40000 ALTER TABLE `disciplinas` DISABLE KEYS */;
INSERT INTO `disciplinas` VALUES (5,5,'Engenharia de Software','engenharia de software'),(12,5,'Algoritmos I','algoritmos i'),(13,5,'Matematica Discreta','matematica discreta'),(14,5,'Inglês Instrumental I','ingles instrumental i'),(15,5,'Inglês Instrumental II','ingles instrumental ii'),(16,8,'Pesquisa Operacional','pesquisa operacional'),(21,5,'ALGORITMOS PARA BIOINFORMATICA I','algoritmos para bioinformatica i'),(30,5,'ALGORITMOS E ESTRUTURAS DE DADOS I','algoritmos e estruturas de dados i'),(31,5,'ALGORITMOS E ESTRUTURAS DE DADOS II','algoritmos e estruturas de dados ii'),(32,5,'ALGORITMOS E ESTRUTURAS DE DADOS III','algoritmos e estruturas de dados iii'),(33,5,'ALGORITMOS I','algoritmos i'),(34,5,'ANALISE NUMERICA','analise numerica'),(35,5,'ARMAZENS DE DADOS','armazens de dados'),(36,5,'ATIVIDADES PRATICAS INTEGRADORAS','atividades praticas integradoras'),(37,5,'CALCULO NUMERICO','calculo numerico'),(38,5,'COMPILADORES I','compiladores i'),(39,5,'COMPUTACAO GRAFICA','computacao grafica'),(40,5,'COMPUTACAO NATURAL','computacao natural'),(41,5,'COMPUTADORES E SOCIEDADE','computadores e sociedade'),(42,5,'DESENVOLVIMENTO DE JOGOS DIGITAIS','desenvolvimento de jogos digitais'),(43,5,'EMPREENDIMENTOS EM INFORMATICA','empreendimentos em informatica'),(44,5,'ENGENHARIA DE SOFTWARE','engenharia de software'),(45,5,'ENGENHARIA DE SOFTWARE II','engenharia de software ii'),(46,5,'ENGENHARIA DE USABILIDADE','engenharia de usabilidade'),(47,5,'ESTRUTURAS DE DADOS','estruturas de dados'),(48,5,'FUNDAMENTOS DA TEORIA DA COMPUTACAO','fundamentos da teoria da computacao'),(49,5,'FUNDAMENTOS DE SISTEMAS DE INFORMACAO','fundamentos de sistemas de informacao'),(50,5,'INTELIGENCIA ARTIFICIAL','inteligencia artificial'),(51,5,'INTERACAO HUMANO-COMPUTADOR','interacao humano-computador'),(52,5,'INTRODUCAO A BANCO DE DADOS','introducao a banco de dados'),(53,5,'INTRODUCAO A CIENCIA DA COMPUTACAO','introducao a ciencia da computacao'),(54,5,'INTRODUCAO A INFORMATICA','introducao a informatica'),(55,5,'INTRODUCAO A MATEMATICA COMPUTACIONAL','introducao a matematica computacional'),(56,5,'INTRODUCAO A ROBOTICA','introducao a robotica'),(57,5,'INTRODUCAO AOS SISTEMAS LOGICOS','introducao aos sistemas logicos'),(58,5,'INTRODUCAO AS TECNOLOGIAS DE COMUNICACAO E INFORMACAO I','introducao as tecnologias de comunicacao e informacao i'),(59,5,'INTRODUÇÃO À CIÊNCIA DOS DADOS','introdução à ciência dos dados'),(60,5,'INTRODUÇÃO À LÓGICA COMPUTACIONAL','introdução à lógica computacional'),(61,5,'INTRODUÇÃO À PROGRAMAÇÃO DE COMPUTADORES','introdução à programação de computadores'),(62,5,'LINGUAGENS DE PROGRAMACAO','linguagens de programacao'),(63,5,'MATEMATICA DISCRETA','matematica discreta'),(64,5,'MATEMÁTICA DISCRETA','matemática discreta'),(65,5,'MINERACAO DE DADOS','mineracao de dados'),(66,5,'MODELAGEM DE PROCESSOS DE NEGOCIO','modelagem de processos de negocio'),(67,5,'MONOGRAFIA EM SISTEMAS DE INFORMACAO','monografia em sistemas de informacao'),(68,5,'MONOGRAFIA EM SISTEMAS DE INFORMAÇÃO II','monografia em sistemas de informação ii'),(69,5,'ORGANIZACAO DE COMPUTADORES I','organizacao de computadores i'),(70,5,'ORGANIZACAO DE COMPUTADORES II','organizacao de computadores ii'),(71,5,'PESQUISA OPERACIONAL','pesquisa operacional'),(72,5,'PROCESSAMENTO DIGITAL DE SOM E VIDEO','processamento digital de som e video'),(73,5,'PROCESSAMENTOS DIGITAL DE IMAGENS','processamentos digital de imagens'),(74,5,'PROGRAMACAO DE COMPUTADORES','programacao de computadores'),(75,5,'PROGRAMACAO MODULAR','programacao modular'),(76,5,'PROGRAMACAO ORIENTADA A OBJETOS','programacao orientada a objetos'),(77,5,'PROGRAMAÇÃO E DESENVOLVIMENTO DE SOFTWARE I','programação e desenvolvimento de software i'),(78,5,'PROGRAMAÇÃO E DESENVOLVIMENTO DE SOFTWARE II','programação e desenvolvimento de software ii'),(79,5,'PROJETO ORIENTADO EM COMPUTACAO I','projeto orientado em computacao i'),(80,5,'PROJETO ORIENTADO EM COMPUTACAO II','projeto orientado em computacao ii'),(81,5,'REDES DE COMPUTADORES','redes de computadores'),(82,5,'SISTEMA DE TEMPO REAL','sistema de tempo real'),(83,5,'SISTEMAS OPERACIONAIS','sistemas operacionais'),(84,5,'SOFTWARE BASICO','software basico'),(85,5,'TEORIA DOS GRAFOS','teoria dos grafos'),(86,5,'TEORIA E PRATICA DE SISTEMAS DE INFORMACAO','teoria e pratica de sistemas de informacao'),(87,5,'TOPICOS EM CIENCIA DA COMPUTACAO','topicos em ciencia da computacao'),(88,5,'TOPICOS EM SISTEMAS DE INFORMACAO','topicos em sistemas de informacao'),(89,5,'ÁLGEBRA LINEAR COMPUTACIONAL','álgebra linear computacional');
/*!40000 ALTER TABLE `disciplinas` ENABLE KEYS */;
UNLOCK TABLES;

--
-- Temporary view structure for view `disciplinas_informacoes`
--

DROP TABLE IF EXISTS `disciplinas_informacoes`;
/*!50001 DROP VIEW IF EXISTS `disciplinas_informacoes`*/;
SET @saved_cs_client     = @@character_set_client;
/*!50503 SET character_set_client = utf8mb4 */;
/*!50001 CREATE VIEW `disciplinas_informacoes` AS SELECT 
 1 AS `id`,
 1 AS `nome`,
 1 AS `nome_limpo`,
 1 AS `num_mamao`,
 1 AS `num_penoso`,
 1 AS `num_comentarios`*/;
SET character_set_client = @saved_cs_client;

--
-- Table structure for table `gostei`
--

DROP TABLE IF EXISTS `gostei`;
/*!40101 SET @saved_cs_client     = @@character_set_client */;
/*!50503 SET character_set_client = utf8mb4 */;
CREATE TABLE `gostei` (
  `id` int unsigned NOT NULL AUTO_INCREMENT,
  `id_comentario` int unsigned NOT NULL,
  `id_usuario` int unsigned NOT NULL,
  PRIMARY KEY (`id`),
  KEY `fk_gostei_1_idx` (`id_comentario`),
  KEY `fk_gostei_2_idx` (`id_usuario`),
  CONSTRAINT `fk_gostei_1` FOREIGN KEY (`id_comentario`) REFERENCES `comentario` (`id`),
  CONSTRAINT `fk_gostei_2` FOREIGN KEY (`id_usuario`) REFERENCES `users` (`id`)
) ENGINE=InnoDB DEFAULT CHARSET=latin1;
/*!40101 SET character_set_client = @saved_cs_client */;

--
-- Dumping data for table `gostei`
--

LOCK TABLES `gostei` WRITE;
/*!40000 ALTER TABLE `gostei` DISABLE KEYS */;
/*!40000 ALTER TABLE `gostei` ENABLE KEYS */;
UNLOCK TABLES;

--
-- Table structure for table `mamao`
--

DROP TABLE IF EXISTS `mamao`;
/*!40101 SET @saved_cs_client     = @@character_set_client */;
/*!50503 SET character_set_client = utf8mb4 */;
CREATE TABLE `mamao` (
  `id` int unsigned NOT NULL AUTO_INCREMENT,
  `id_disciplina` int unsigned NOT NULL,
  `id_user` int unsigned NOT NULL,
  PRIMARY KEY (`id`),
  KEY `fk_mamao_1_idx` (`id_disciplina`),
  KEY `fk_mamao_2_idx` (`id_user`),
  CONSTRAINT `fk_mamao_1` FOREIGN KEY (`id_disciplina`) REFERENCES `disciplinas` (`id`),
  CONSTRAINT `fk_mamao_2` FOREIGN KEY (`id_user`) REFERENCES `users` (`id`)
) ENGINE=InnoDB AUTO_INCREMENT=21890 DEFAULT CHARSET=utf8mb4 COLLATE=utf8mb4_0900_ai_ci;
/*!40101 SET character_set_client = @saved_cs_client */;

--
-- Dumping data for table `mamao`
--

LOCK TABLES `mamao` WRITE;
/*!40000 ALTER TABLE `mamao` DISABLE KEYS */;
INSERT INTO `mamao` VALUES (17192,30,5),(17193,30,5),(17194,30,5),(17195,30,5),(17196,30,5),(17197,30,5),(17198,30,5),(17199,30,5),(17200,30,5),(17201,30,5),(17202,30,5),(17203,30,5),(17204,30,5),(17205,30,5),(17206,30,5),(17207,30,5),(17208,30,5),(17209,30,5),(17210,30,5),(17211,30,5),(17212,30,5),(17213,30,5),(17214,30,5),(17215,30,5),(17216,30,5),(17217,30,5),(17218,30,5),(17219,30,5),(17220,30,5),(17221,30,5),(17222,30,5),(17223,30,5),(17224,30,5),(17225,30,5),(17226,30,5),(17227,30,5),(17228,30,5),(17229,30,5),(17230,30,5),(17231,30,5),(17232,30,5),(17233,30,5),(17234,30,5),(17235,30,5),(17236,30,5),(17237,30,5),(17238,30,5),(17239,30,5),(17240,30,5),(17241,30,5),(17242,30,5),(17243,30,5),(17244,30,5),(17245,30,5),(17246,30,5),(17247,30,5),(17248,30,5),(17249,30,5),(17250,30,5),(17251,30,5),(17252,30,5),(17253,30,5),(17254,30,5),(17255,30,5),(17256,30,5),(17257,30,5),(17258,30,5),(17259,30,5),(17260,31,5),(17261,31,5),(17262,31,5),(17263,31,5),(17264,31,5),(17265,31,5),(17266,31,5),(17267,31,5),(17268,31,5),(17269,31,5),(17270,31,5),(17271,31,5),(17272,31,5),(17273,31,5),(17274,31,5),(17275,31,5),(17276,31,5),(17277,31,5),(17278,31,5),(17279,31,5),(17280,31,5),(17281,31,5),(17282,31,5),(17283,31,5),(17284,31,5),(17285,31,5),(17286,31,5),(17287,31,5),(17288,31,5),(17289,31,5),(17290,31,5),(17291,31,5),(17292,31,5),(17293,31,5),(17294,31,5),(17295,31,5),(17296,31,5),(17297,31,5),(17298,31,5),(17299,31,5),(17300,31,5),(17301,31,5),(17302,31,5),(17303,31,5),(17304,31,5),(17305,31,5),(17306,31,5),(17307,31,5),(17308,31,5),(17309,31,5),(17310,31,5),(17311,31,5),(17312,31,5),(17313,31,5),(17314,31,5),(17315,31,5),(17316,31,5),(17317,32,5),(17318,32,5),(17319,32,5),(17320,32,5),(17321,32,5),(17322,32,5),(17323,32,5),(17324,32,5),(17325,32,5),(17326,32,5),(17327,32,5),(17328,32,5),(17329,32,5),(17330,32,5),(17331,32,5),(17332,32,5),(17333,32,5),(17334,32,5),(17335,32,5),(17336,32,5),(17337,32,5),(17338,32,5),(17339,32,5),(17340,32,5),(17341,32,5),(17342,32,5),(17343,32,5),(17344,32,5),(17345,32,5),(17346,32,5),(17347,32,5),(17348,32,5),(17349,32,5),(17350,32,5),(17351,32,5),(17352,32,5),(17353,32,5),(17354,32,5),(17355,32,5),(17356,32,5),(17357,32,5),(17358,32,5),(17359,32,5),(17360,32,5),(17361,32,5),(17362,32,5),(17363,32,5),(17364,32,5),(17365,32,5),(17366,32,5),(17367,32,5),(17368,32,5),(17369,32,5),(17370,32,5),(17371,32,5),(17372,32,5),(17373,33,5),(17374,33,5),(17375,33,5),(17376,33,5),(17377,33,5),(17378,33,5),(17379,33,5),(17380,33,5),(17381,33,5),(17382,33,5),(17383,33,5),(17384,33,5),(17385,33,5),(17386,33,5),(17387,33,5),(17388,33,5),(17389,33,5),(17390,33,5),(17391,33,5),(17392,33,5),(17393,33,5),(17394,33,5),(17395,33,5),(17396,33,5),(17397,33,5),(17398,33,5),(17399,33,5),(17400,33,5),(17401,33,5),(17402,33,5),(17403,33,5),(17404,33,5),(17405,33,5),(17406,33,5),(17407,33,5),(17408,33,5),(17409,33,5),(17410,33,5),(17411,33,5),(17412,33,5),(17413,33,5),(17414,33,5),(17415,33,5),(17416,33,5),(17417,33,5),(17418,33,5),(17419,33,5),(17420,33,5),(17421,33,5),(17422,33,5),(17423,33,5),(17424,33,5),(17425,33,5),(17426,33,5),(17427,33,5),(17428,33,5),(17429,33,5),(17430,33,5),(17431,33,5),(17432,33,5),(17433,33,5),(17434,33,5),(17435,33,5),(17436,33,5),(17437,33,5),(17438,33,5),(17439,33,5),(17440,33,5),(17441,33,5),(17442,33,5),(17443,33,5),(17444,33,5),(17445,33,5),(17446,33,5),(17447,33,5),(17448,33,5),(17449,33,5),(17450,33,5),(17451,33,5),(17452,34,5),(17453,34,5),(17454,34,5),(17455,34,5),(17456,34,5),(17457,34,5),(17458,34,5),(17459,34,5),(17460,34,5),(17461,34,5),(17462,34,5),(17463,34,5),(17464,34,5),(17465,34,5),(17466,34,5),(17467,34,5),(17468,34,5),(17469,34,5),(17470,34,5),(17471,34,5),(17472,34,5),(17473,34,5),(17474,34,5),(17475,34,5),(17476,34,5),(17477,34,5),(17478,34,5),(17479,34,5),(17480,34,5),(17481,34,5),(17482,34,5),(17483,34,5),(17484,34,5),(17485,34,5),(17486,34,5),(17487,34,5),(17488,34,5),(17489,34,5),(17490,34,5),(17491,34,5),(17492,34,5),(17493,34,5),(17494,34,5),(17495,34,5),(17496,34,5),(17497,34,5),(17498,34,5),(17499,34,5),(17500,34,5),(17501,34,5),(17502,34,5),(17503,34,5),(17504,34,5),(17505,34,5),(17506,34,5),(17507,34,5),(17508,34,5),(17509,34,5),(17510,34,5),(17511,34,5),(17512,34,5),(17513,34,5),(17514,34,5),(17515,34,5),(17516,34,5),(17517,34,5),(17518,34,5),(17519,34,5),(17520,34,5),(17521,35,5),(17522,35,5),(17523,35,5),(17524,35,5),(17525,35,5),(17526,35,5),(17527,35,5),(17528,35,5),(17529,35,5),(17530,35,5),(17531,35,5),(17532,35,5),(17533,35,5),(17534,35,5),(17535,35,5),(17536,35,5),(17537,35,5),(17538,35,5),(17539,35,5),(17540,35,5),(17541,35,5),(17542,35,5),(17543,35,5),(17544,35,5),(17545,35,5),(17546,35,5),(17547,35,5),(17548,35,5),(17549,35,5),(17550,35,5),(17551,35,5),(17552,35,5),(17553,35,5),(17554,35,5),(17555,35,5),(17556,35,5),(17557,35,5),(17558,35,5),(17559,35,5),(17560,35,5),(17561,35,5),(17562,35,5),(17563,35,5),(17564,35,5),(17565,35,5),(17566,35,5),(17567,35,5),(17568,35,5),(17569,35,5),(17570,35,5),(17571,35,5),(17572,35,5),(17573,35,5),(17574,35,5),(17575,35,5),(17576,35,5),(17577,35,5),(17578,35,5),(17579,35,5),(17580,35,5),(17581,35,5),(17582,35,5),(17583,35,5),(17584,35,5),(17585,35,5),(17586,35,5),(17587,35,5),(17588,35,5),(17589,35,5),(17590,35,5),(17591,35,5),(17592,35,5),(17593,35,5),(17594,35,5),(17595,35,5),(17596,35,5),(17597,35,5),(17598,35,5),(17599,35,5),(17600,35,5),(17601,35,5),(17602,35,5),(17603,35,5),(17604,35,5),(17605,35,5),(17606,35,5),(17607,35,5),(17608,35,5),(17609,35,5),(17610,35,5),(17611,35,5),(17612,35,5),(17613,35,5),(17614,35,5),(17615,35,5),(17616,35,5),(17617,35,5),(17618,36,5),(17619,36,5),(17620,36,5),(17621,36,5),(17622,36,5),(17623,36,5),(17624,36,5),(17625,36,5),(17626,36,5),(17627,36,5),(17628,36,5),(17629,36,5),(17630,36,5),(17631,36,5),(17632,36,5),(17633,36,5),(17634,36,5),(17635,36,5),(17636,36,5),(17637,36,5),(17638,36,5),(17639,36,5),(17640,36,5),(17641,36,5),(17642,36,5),(17643,36,5),(17644,36,5),(17645,36,5),(17646,36,5),(17647,36,5),(17648,36,5),(17649,36,5),(17650,36,5),(17651,36,5),(17652,36,5),(17653,36,5),(17654,36,5),(17655,36,5),(17656,36,5),(17657,36,5),(17658,36,5),(17659,36,5),(17660,36,5),(17661,36,5),(17662,36,5),(17663,36,5),(17664,36,5),(17665,36,5),(17666,36,5),(17667,36,5),(17668,36,5),(17669,36,5),(17670,36,5),(17671,36,5),(17672,36,5),(17673,36,5),(17674,36,5),(17675,36,5),(17676,36,5),(17677,36,5),(17678,36,5),(17679,36,5),(17680,36,5),(17681,36,5),(17682,36,5),(17683,36,5),(17684,36,5),(17685,36,5),(17686,36,5),(17687,36,5),(17688,36,5),(17689,36,5),(17690,37,5),(17691,37,5),(17692,37,5),(17693,37,5),(17694,37,5),(17695,37,5),(17696,37,5),(17697,37,5),(17698,37,5),(17699,37,5),(17700,37,5),(17701,37,5),(17702,37,5),(17703,37,5),(17704,37,5),(17705,37,5),(17706,37,5),(17707,37,5),(17708,37,5),(17709,37,5),(17710,37,5),(17711,37,5),(17712,37,5),(17713,37,5),(17714,37,5),(17715,37,5),(17716,37,5),(17717,37,5),(17718,37,5),(17719,37,5),(17720,37,5),(17721,37,5),(17722,37,5),(17723,37,5),(17724,37,5),(17725,37,5),(17726,37,5),(17727,37,5),(17728,37,5),(17729,37,5),(17730,37,5),(17731,37,5),(17732,37,5),(17733,37,5),(17734,37,5),(17735,37,5),(17736,37,5),(17737,37,5),(17738,37,5),(17739,37,5),(17740,37,5),(17741,37,5),(17742,37,5),(17743,37,5),(17744,37,5),(17745,37,5),(17746,37,5),(17747,37,5),(17748,37,5),(17749,37,5),(17750,37,5),(17751,37,5),(17752,37,5),(17753,37,5),(17754,37,5),(17755,37,5),(17756,37,5),(17757,37,5),(17758,37,5),(17759,37,5),(17760,37,5),(17761,38,5),(17762,38,5),(17763,38,5),(17764,38,5),(17765,38,5),(17766,38,5),(17767,38,5),(17768,38,5),(17769,38,5),(17770,38,5),(17771,38,5),(17772,38,5),(17773,38,5),(17774,38,5),(17775,38,5),(17776,38,5),(17777,38,5),(17778,38,5),(17779,38,5),(17780,38,5),(17781,38,5),(17782,38,5),(17783,38,5),(17784,38,5),(17785,38,5),(17786,38,5),(17787,38,5),(17788,38,5),(17789,38,5),(17790,38,5),(17791,38,5),(17792,38,5),(17793,38,5),(17794,38,5),(17795,38,5),(17796,38,5),(17797,38,5),(17798,38,5),(17799,38,5),(17800,38,5),(17801,38,5),(17802,38,5),(17803,38,5),(17804,38,5),(17805,38,5),(17806,38,5),(17807,38,5),(17808,38,5),(17809,38,5),(17810,38,5),(17811,38,5),(17812,38,5),(17813,38,5),(17814,38,5),(17815,38,5),(17816,38,5),(17817,38,5),(17818,38,5),(17819,38,5),(17820,38,5),(17821,38,5),(17822,38,5),(17823,38,5),(17824,38,5),(17825,38,5),(17826,38,5),(17827,38,5),(17828,38,5),(17829,38,5),(17830,38,5),(17831,38,5),(17832,38,5),(17833,38,5),(17834,38,5),(17835,38,5),(17836,38,5),(17837,38,5),(17838,38,5),(17839,38,5),(17840,38,5),(17841,38,5),(17842,38,5),(17843,38,5),(17844,38,5),(17845,39,5),(17846,39,5),(17847,39,5),(17848,39,5),(17849,39,5),(17850,39,5),(17851,39,5),(17852,39,5),(17853,39,5),(17854,39,5),(17855,39,5),(17856,39,5),(17857,39,5),(17858,39,5),(17859,39,5),(17860,39,5),(17861,39,5),(17862,39,5),(17863,39,5),(17864,39,5),(17865,39,5),(17866,39,5),(17867,39,5),(17868,39,5),(17869,39,5),(17870,39,5),(17871,39,5),(17872,39,5),(17873,39,5),(17874,39,5),(17875,39,5),(17876,39,5),(17877,39,5),(17878,39,5),(17879,39,5),(17880,39,5),(17881,39,5),(17882,39,5),(17883,39,5),(17884,39,5),(17885,39,5),(17886,39,5),(17887,39,5),(17888,39,5),(17889,39,5),(17890,39,5),(17891,39,5),(17892,39,5),(17893,39,5),(17894,39,5),(17895,39,5),(17896,39,5),(17897,39,5),(17898,39,5),(17899,39,5),(17900,40,5),(17901,40,5),(17902,40,5),(17903,40,5),(17904,40,5),(17905,40,5),(17906,40,5),(17907,40,5),(17908,40,5),(17909,40,5),(17910,40,5),(17911,40,5),(17912,40,5),(17913,40,5),(17914,40,5),(17915,40,5),(17916,40,5),(17917,40,5),(17918,40,5),(17919,40,5),(17920,40,5),(17921,40,5),(17922,40,5),(17923,40,5),(17924,40,5),(17925,40,5),(17926,40,5),(17927,40,5),(17928,40,5),(17929,40,5),(17930,40,5),(17931,40,5),(17932,40,5),(17933,40,5),(17934,40,5),(17935,40,5),(17936,40,5),(17937,40,5),(17938,40,5),(17939,40,5),(17940,40,5),(17941,40,5),(17942,40,5),(17943,40,5),(17944,40,5),(17945,40,5),(17946,40,5),(17947,40,5),(17948,40,5),(17949,40,5),(17950,40,5),(17951,40,5),(17952,40,5),(17953,40,5),(17954,40,5),(17955,40,5),(17956,40,5),(17957,40,5),(17958,40,5),(17959,40,5),(17960,40,5),(17961,40,5),(17962,40,5),(17963,40,5),(17964,40,5),(17965,41,5),(17966,41,5),(17967,41,5),(17968,41,5),(17969,41,5),(17970,41,5),(17971,41,5),(17972,41,5),(17973,41,5),(17974,41,5),(17975,41,5),(17976,41,5),(17977,41,5),(17978,41,5),(17979,41,5),(17980,41,5),(17981,41,5),(17982,41,5),(17983,41,5),(17984,41,5),(17985,41,5),(17986,41,5),(17987,41,5),(17988,41,5),(17989,41,5),(17990,41,5),(17991,41,5),(17992,41,5),(17993,41,5),(17994,41,5),(17995,41,5),(17996,41,5),(17997,41,5),(17998,41,5),(17999,41,5),(18000,41,5),(18001,41,5),(18002,41,5),(18003,41,5),(18004,41,5),(18005,41,5),(18006,41,5),(18007,41,5),(18008,41,5),(18009,41,5),(18010,41,5),(18011,41,5),(18012,41,5),(18013,41,5),(18014,41,5),(18015,41,5),(18016,41,5),(18017,41,5),(18018,41,5),(18019,41,5),(18020,41,5),(18021,41,5),(18022,41,5),(18023,41,5),(18024,41,5),(18025,41,5),(18026,41,5),(18027,41,5),(18028,41,5),(18029,41,5),(18030,41,5),(18031,41,5),(18032,41,5),(18033,41,5),(18034,41,5),(18035,41,5),(18036,41,5),(18037,41,5),(18038,41,5),(18039,41,5),(18040,41,5),(18041,41,5),(18042,41,5),(18043,41,5),(18044,41,5),(18045,41,5),(18046,41,5),(18047,41,5),(18048,41,5),(18049,41,5),(18050,41,5),(18051,41,5),(18052,41,5),(18053,41,5),(18054,41,5),(18055,41,5),(18056,41,5),(18057,41,5),(18058,41,5),(18059,41,5),(18060,41,5),(18061,41,5),(18062,41,5),(18063,42,5),(18064,42,5),(18065,42,5),(18066,42,5),(18067,42,5),(18068,42,5),(18069,42,5),(18070,42,5),(18071,42,5),(18072,42,5),(18073,42,5),(18074,42,5),(18075,42,5),(18076,42,5),(18077,42,5),(18078,42,5),(18079,42,5),(18080,42,5),(18081,42,5),(18082,42,5),(18083,42,5),(18084,42,5),(18085,42,5),(18086,42,5),(18087,42,5),(18088,42,5),(18089,42,5),(18090,42,5),(18091,42,5),(18092,42,5),(18093,42,5),(18094,42,5),(18095,42,5),(18096,42,5),(18097,42,5),(18098,42,5),(18099,42,5),(18100,42,5),(18101,42,5),(18102,42,5),(18103,42,5),(18104,42,5),(18105,42,5),(18106,42,5),(18107,42,5),(18108,42,5),(18109,42,5),(18110,42,5),(18111,42,5),(18112,42,5),(18113,42,5),(18114,42,5),(18115,42,5),(18116,42,5),(18117,42,5),(18118,42,5),(18119,42,5),(18120,42,5),(18121,42,5),(18122,42,5),(18123,42,5),(18124,42,5),(18125,42,5),(18126,42,5),(18127,42,5),(18128,42,5),(18129,42,5),(18130,42,5),(18131,42,5),(18132,42,5),(18133,42,5),(18134,42,5),(18135,42,5),(18136,42,5),(18137,42,5),(18138,42,5),(18139,42,5),(18140,42,5),(18141,42,5),(18142,42,5),(18143,43,5),(18144,43,5),(18145,43,5),(18146,43,5),(18147,43,5),(18148,43,5),(18149,43,5),(18150,43,5),(18151,43,5),(18152,43,5),(18153,43,5),(18154,43,5),(18155,43,5),(18156,43,5),(18157,43,5),(18158,43,5),(18159,43,5),(18160,43,5),(18161,43,5),(18162,43,5),(18163,43,5),(18164,43,5),(18165,43,5),(18166,43,5),(18167,43,5),(18168,43,5),(18169,43,5),(18170,43,5),(18171,43,5),(18172,43,5),(18173,43,5),(18174,43,5),(18175,43,5),(18176,43,5),(18177,43,5),(18178,43,5),(18179,43,5),(18180,43,5),(18181,43,5),(18182,43,5),(18183,43,5),(18184,43,5),(18185,43,5),(18186,43,5),(18187,43,5),(18188,43,5),(18189,43,5),(18190,43,5),(18191,43,5),(18192,43,5),(18193,43,5),(18194,43,5),(18195,43,5),(18196,43,5),(18197,43,5),(18198,43,5),(18199,43,5),(18200,43,5),(18201,43,5),(18202,43,5),(18203,43,5),(18204,43,5),(18205,43,5),(18206,43,5),(18207,43,5),(18208,43,5),(18209,43,5),(18210,43,5),(18211,43,5),(18212,43,5),(18213,43,5),(18214,43,5),(18215,43,5),(18216,43,5),(18217,43,5),(18218,43,5),(18219,43,5),(18220,43,5),(18221,43,5),(18222,43,5),(18223,43,5),(18224,43,5),(18225,43,5),(18226,43,5),(18227,43,5),(18228,43,5),(18229,43,5),(18230,43,5),(18231,43,5),(18232,43,5),(18233,44,5),(18234,44,5),(18235,44,5),(18236,44,5),(18237,44,5),(18238,44,5),(18239,44,5),(18240,44,5),(18241,44,5),(18242,44,5),(18243,44,5),(18244,44,5),(18245,44,5),(18246,44,5),(18247,44,5),(18248,44,5),(18249,44,5),(18250,44,5),(18251,44,5),(18252,44,5),(18253,44,5),(18254,44,5),(18255,44,5),(18256,44,5),(18257,44,5),(18258,44,5),(18259,44,5),(18260,44,5),(18261,44,5),(18262,44,5),(18263,44,5),(18264,44,5),(18265,44,5),(18266,44,5),(18267,44,5),(18268,44,5),(18269,44,5),(18270,44,5),(18271,44,5),(18272,44,5),(18273,44,5),(18274,44,5),(18275,44,5),(18276,44,5),(18277,44,5),(18278,44,5),(18279,44,5),(18280,44,5),(18281,44,5),(18282,44,5),(18283,44,5),(18284,44,5),(18285,44,5),(18286,44,5),(18287,44,5),(18288,44,5),(18289,44,5),(18290,44,5),(18291,44,5),(18292,44,5),(18293,44,5),(18294,44,5),(18295,44,5),(18296,44,5),(18297,44,5),(18298,44,5),(18299,44,5),(18300,44,5),(18301,44,5),(18302,44,5),(18303,44,5),(18304,44,5),(18305,44,5),(18306,44,5),(18307,44,5),(18308,44,5),(18309,44,5),(18310,44,5),(18311,44,5),(18312,44,5),(18313,44,5),(18314,44,5),(18315,44,5),(18316,44,5),(18317,44,5),(18318,44,5),(18319,44,5),(18320,44,5),(18321,44,5),(18322,44,5),(18323,45,5),(18324,45,5),(18325,45,5),(18326,45,5),(18327,45,5),(18328,45,5),(18329,45,5),(18330,45,5),(18331,45,5),(18332,45,5),(18333,45,5),(18334,45,5),(18335,45,5),(18336,45,5),(18337,45,5),(18338,45,5),(18339,45,5),(18340,45,5),(18341,45,5),(18342,45,5),(18343,45,5),(18344,45,5),(18345,45,5),(18346,45,5),(18347,45,5),(18348,45,5),(18349,45,5),(18350,45,5),(18351,45,5),(18352,45,5),(18353,45,5),(18354,45,5),(18355,45,5),(18356,45,5),(18357,45,5),(18358,45,5),(18359,45,5),(18360,45,5),(18361,45,5),(18362,45,5),(18363,45,5),(18364,45,5),(18365,45,5),(18366,45,5),(18367,45,5),(18368,45,5),(18369,45,5),(18370,45,5),(18371,45,5),(18372,45,5),(18373,45,5),(18374,45,5),(18375,45,5),(18376,45,5),(18377,45,5),(18378,45,5),(18379,45,5),(18380,45,5),(18381,45,5),(18382,45,5),(18383,45,5),(18384,45,5),(18385,45,5),(18386,45,5),(18387,45,5),(18388,45,5),(18389,45,5),(18390,45,5),(18391,45,5),(18392,45,5),(18393,45,5),(18394,45,5),(18395,45,5),(18396,45,5),(18397,45,5),(18398,45,5),(18399,45,5),(18400,45,5),(18401,45,5),(18402,45,5),(18403,45,5),(18404,45,5),(18405,45,5),(18406,45,5),(18407,45,5),(18408,45,5),(18409,45,5),(18410,45,5),(18411,45,5),(18412,45,5),(18413,45,5),(18414,45,5),(18415,46,5),(18416,46,5),(18417,46,5),(18418,46,5),(18419,46,5),(18420,46,5),(18421,46,5),(18422,46,5),(18423,46,5),(18424,46,5),(18425,46,5),(18426,46,5),(18427,46,5),(18428,46,5),(18429,46,5),(18430,46,5),(18431,46,5),(18432,46,5),(18433,46,5),(18434,46,5),(18435,46,5),(18436,46,5),(18437,46,5),(18438,46,5),(18439,46,5),(18440,46,5),(18441,46,5),(18442,46,5),(18443,46,5),(18444,46,5),(18445,46,5),(18446,46,5),(18447,46,5),(18448,46,5),(18449,46,5),(18450,46,5),(18451,46,5),(18452,46,5),(18453,46,5),(18454,46,5),(18455,46,5),(18456,46,5),(18457,46,5),(18458,46,5),(18459,46,5),(18460,46,5),(18461,46,5),(18462,46,5),(18463,46,5),(18464,46,5),(18465,46,5),(18466,46,5),(18467,46,5),(18468,46,5),(18469,46,5),(18470,46,5),(18471,46,5),(18472,46,5),(18473,46,5),(18474,46,5),(18475,46,5),(18476,46,5),(18477,46,5),(18478,46,5),(18479,46,5),(18480,46,5),(18481,46,5),(18482,46,5),(18483,46,5),(18484,46,5),(18485,46,5),(18486,46,5),(18487,46,5),(18488,46,5),(18489,46,5),(18490,46,5),(18491,46,5),(18492,46,5),(18493,46,5),(18494,46,5),(18495,46,5),(18496,46,5),(18497,46,5),(18498,46,5),(18499,46,5),(18500,46,5),(18501,46,5),(18502,46,5),(18503,46,5),(18504,46,5),(18505,46,5),(18506,46,5),(18507,47,5),(18508,47,5),(18509,47,5),(18510,47,5),(18511,47,5),(18512,47,5),(18513,47,5),(18514,47,5),(18515,47,5),(18516,47,5),(18517,47,5),(18518,47,5),(18519,47,5),(18520,47,5),(18521,47,5),(18522,47,5),(18523,47,5),(18524,47,5),(18525,47,5),(18526,47,5),(18527,47,5),(18528,47,5),(18529,47,5),(18530,47,5),(18531,47,5),(18532,47,5),(18533,47,5),(18534,47,5),(18535,47,5),(18536,47,5),(18537,47,5),(18538,47,5),(18539,47,5),(18540,47,5),(18541,47,5),(18542,47,5),(18543,47,5),(18544,47,5),(18545,47,5),(18546,47,5),(18547,47,5),(18548,47,5),(18549,47,5),(18550,47,5),(18551,47,5),(18552,47,5),(18553,47,5),(18554,47,5),(18555,47,5),(18556,47,5),(18557,47,5),(18558,47,5),(18559,47,5),(18560,47,5),(18561,47,5),(18562,47,5),(18563,47,5),(18564,47,5),(18565,47,5),(18566,47,5),(18567,47,5),(18568,47,5),(18569,47,5),(18570,47,5),(18571,47,5),(18572,47,5),(18573,47,5),(18574,47,5),(18575,47,5),(18576,47,5),(18577,47,5),(18578,47,5),(18579,47,5),(18580,47,5),(18581,47,5),(18582,47,5),(18583,47,5),(18584,47,5),(18585,47,5),(18586,47,5),(18587,48,5),(18588,48,5),(18589,48,5),(18590,48,5),(18591,48,5),(18592,48,5),(18593,48,5),(18594,48,5),(18595,48,5),(18596,48,5),(18597,48,5),(18598,48,5),(18599,48,5),(18600,48,5),(18601,48,5),(18602,48,5),(18603,48,5),(18604,48,5),(18605,48,5),(18606,48,5),(18607,48,5),(18608,48,5),(18609,48,5),(18610,48,5),(18611,48,5),(18612,48,5),(18613,48,5),(18614,48,5),(18615,48,5),(18616,48,5),(18617,48,5),(18618,48,5),(18619,48,5),(18620,48,5),(18621,48,5),(18622,48,5),(18623,48,5),(18624,48,5),(18625,48,5),(18626,48,5),(18627,48,5),(18628,48,5),(18629,48,5),(18630,48,5),(18631,48,5),(18632,48,5),(18633,48,5),(18634,48,5),(18635,48,5),(18636,48,5),(18637,48,5),(18638,48,5),(18639,48,5),(18640,48,5),(18641,48,5),(18642,48,5),(18643,48,5),(18644,48,5),(18645,48,5),(18646,48,5),(18647,48,5),(18648,48,5),(18649,48,5),(18650,48,5),(18651,48,5),(18652,48,5),(18653,48,5),(18654,48,5),(18655,48,5),(18656,48,5),(18657,48,5),(18658,48,5),(18659,48,5),(18660,48,5),(18661,48,5),(18662,49,5),(18663,49,5),(18664,49,5),(18665,49,5),(18666,49,5),(18667,49,5),(18668,49,5),(18669,49,5),(18670,49,5),(18671,49,5),(18672,49,5),(18673,49,5),(18674,49,5),(18675,49,5),(18676,49,5),(18677,49,5),(18678,49,5),(18679,49,5),(18680,49,5),(18681,49,5),(18682,49,5),(18683,49,5),(18684,49,5),(18685,49,5),(18686,49,5),(18687,49,5),(18688,49,5),(18689,49,5),(18690,49,5),(18691,49,5),(18692,49,5),(18693,49,5),(18694,49,5),(18695,49,5),(18696,49,5),(18697,49,5),(18698,49,5),(18699,49,5),(18700,49,5),(18701,49,5),(18702,49,5),(18703,49,5),(18704,49,5),(18705,49,5),(18706,49,5),(18707,49,5),(18708,49,5),(18709,49,5),(18710,49,5),(18711,49,5),(18712,49,5),(18713,49,5),(18714,49,5),(18715,49,5),(18716,49,5),(18717,49,5),(18718,49,5),(18719,49,5),(18720,49,5),(18721,49,5),(18722,49,5),(18723,49,5),(18724,49,5),(18725,49,5),(18726,49,5),(18727,49,5),(18728,49,5),(18729,49,5),(18730,49,5),(18731,49,5),(18732,49,5),(18733,49,5),(18734,49,5),(18735,49,5),(18736,49,5),(18737,49,5),(18738,49,5),(18739,49,5),(18740,49,5),(18741,49,5),(18742,49,5),(18743,49,5),(18744,49,5),(18745,49,5),(18746,49,5),(18747,49,5),(18748,49,5),(18749,49,5),(18750,50,5),(18751,50,5),(18752,50,5),(18753,50,5),(18754,50,5),(18755,50,5),(18756,50,5),(18757,50,5),(18758,50,5),(18759,50,5),(18760,50,5),(18761,50,5),(18762,50,5),(18763,50,5),(18764,50,5),(18765,50,5),(18766,50,5),(18767,50,5),(18768,50,5),(18769,50,5),(18770,50,5),(18771,50,5),(18772,50,5),(18773,50,5),(18774,50,5),(18775,50,5),(18776,50,5),(18777,50,5),(18778,50,5),(18779,50,5),(18780,50,5),(18781,50,5),(18782,50,5),(18783,50,5),(18784,50,5),(18785,50,5),(18786,50,5),(18787,50,5),(18788,50,5),(18789,50,5),(18790,50,5),(18791,50,5),(18792,50,5),(18793,50,5),(18794,50,5),(18795,50,5),(18796,50,5),(18797,50,5),(18798,50,5),(18799,50,5),(18800,50,5),(18801,50,5),(18802,50,5),(18803,50,5),(18804,50,5),(18805,50,5),(18806,50,5),(18807,50,5),(18808,50,5),(18809,50,5),(18810,50,5),(18811,50,5),(18812,50,5),(18813,50,5),(18814,50,5),(18815,50,5),(18816,50,5),(18817,50,5),(18818,50,5),(18819,50,5),(18820,50,5),(18821,50,5),(18822,50,5),(18823,50,5),(18824,50,5),(18825,51,5),(18826,51,5),(18827,51,5),(18828,51,5),(18829,51,5),(18830,51,5),(18831,51,5),(18832,51,5),(18833,51,5),(18834,51,5),(18835,51,5),(18836,51,5),(18837,51,5),(18838,51,5),(18839,51,5),(18840,51,5),(18841,51,5),(18842,51,5),(18843,51,5),(18844,51,5),(18845,51,5),(18846,51,5),(18847,51,5),(18848,51,5),(18849,51,5),(18850,51,5),(18851,51,5),(18852,51,5),(18853,51,5),(18854,51,5),(18855,51,5),(18856,51,5),(18857,51,5),(18858,51,5),(18859,51,5),(18860,51,5),(18861,51,5),(18862,51,5),(18863,51,5),(18864,51,5),(18865,51,5),(18866,51,5),(18867,51,5),(18868,51,5),(18869,51,5),(18870,51,5),(18871,51,5),(18872,51,5),(18873,51,5),(18874,51,5),(18875,51,5),(18876,51,5),(18877,51,5),(18878,51,5),(18879,51,5),(18880,51,5),(18881,51,5),(18882,51,5),(18883,51,5),(18884,51,5),(18885,51,5),(18886,51,5),(18887,51,5),(18888,51,5),(18889,51,5),(18890,51,5),(18891,51,5),(18892,51,5),(18893,51,5),(18894,51,5),(18895,51,5),(18896,51,5),(18897,51,5),(18898,51,5),(18899,51,5),(18900,51,5),(18901,51,5),(18902,51,5),(18903,51,5),(18904,51,5),(18905,51,5),(18906,51,5),(18907,51,5),(18908,51,5),(18909,51,5),(18910,51,5),(18911,51,5),(18912,51,5),(18913,51,5),(18914,51,5),(18915,51,5),(18916,51,5),(18917,51,5),(18918,52,5),(18919,52,5),(18920,52,5),(18921,52,5),(18922,52,5),(18923,52,5),(18924,52,5),(18925,52,5),(18926,52,5),(18927,52,5),(18928,52,5),(18929,52,5),(18930,52,5),(18931,52,5),(18932,52,5),(18933,52,5),(18934,52,5),(18935,52,5),(18936,52,5),(18937,52,5),(18938,52,5),(18939,52,5),(18940,52,5),(18941,52,5),(18942,52,5),(18943,52,5),(18944,52,5),(18945,52,5),(18946,52,5),(18947,52,5),(18948,52,5),(18949,52,5),(18950,52,5),(18951,52,5),(18952,52,5),(18953,52,5),(18954,52,5),(18955,52,5),(18956,52,5),(18957,52,5),(18958,52,5),(18959,52,5),(18960,52,5),(18961,52,5),(18962,52,5),(18963,52,5),(18964,52,5),(18965,52,5),(18966,52,5),(18967,52,5),(18968,52,5),(18969,52,5),(18970,52,5),(18971,52,5),(18972,52,5),(18973,52,5),(18974,52,5),(18975,52,5),(18976,52,5),(18977,52,5),(18978,52,5),(18979,52,5),(18980,52,5),(18981,52,5),(18982,52,5),(18983,52,5),(18984,52,5),(18985,52,5),(18986,52,5),(18987,52,5),(18988,52,5),(18989,52,5),(18990,52,5),(18991,52,5),(18992,52,5),(18993,52,5),(18994,52,5),(18995,52,5),(18996,52,5),(18997,52,5),(18998,53,5),(18999,53,5),(19000,53,5),(19001,53,5),(19002,53,5),(19003,53,5),(19004,53,5),(19005,53,5),(19006,53,5),(19007,53,5),(19008,53,5),(19009,53,5),(19010,53,5),(19011,53,5),(19012,53,5),(19013,53,5),(19014,53,5),(19015,53,5),(19016,53,5),(19017,53,5),(19018,53,5),(19019,53,5),(19020,53,5),(19021,53,5),(19022,53,5),(19023,53,5),(19024,53,5),(19025,53,5),(19026,53,5),(19027,53,5),(19028,53,5),(19029,53,5),(19030,53,5),(19031,53,5),(19032,53,5),(19033,53,5),(19034,53,5),(19035,53,5),(19036,53,5),(19037,53,5),(19038,53,5),(19039,53,5),(19040,53,5),(19041,53,5),(19042,53,5),(19043,53,5),(19044,53,5),(19045,53,5),(19046,53,5),(19047,53,5),(19048,53,5),(19049,53,5),(19050,53,5),(19051,53,5),(19052,53,5),(19053,53,5),(19054,53,5),(19055,53,5),(19056,53,5),(19057,53,5),(19058,53,5),(19059,53,5),(19060,53,5),(19061,53,5),(19062,53,5),(19063,53,5),(19064,53,5),(19065,53,5),(19066,53,5),(19067,53,5),(19068,53,5),(19069,53,5),(19070,53,5),(19071,53,5),(19072,53,5),(19073,53,5),(19074,53,5),(19075,53,5),(19076,53,5),(19077,53,5),(19078,53,5),(19079,53,5),(19080,53,5),(19081,53,5),(19082,53,5),(19083,54,5),(19084,54,5),(19085,54,5),(19086,54,5),(19087,54,5),(19088,54,5),(19089,54,5),(19090,54,5),(19091,54,5),(19092,54,5),(19093,54,5),(19094,54,5),(19095,54,5),(19096,54,5),(19097,54,5),(19098,54,5),(19099,54,5),(19100,54,5),(19101,54,5),(19102,54,5),(19103,54,5),(19104,54,5),(19105,54,5),(19106,54,5),(19107,54,5),(19108,54,5),(19109,54,5),(19110,54,5),(19111,54,5),(19112,54,5),(19113,54,5),(19114,54,5),(19115,54,5),(19116,54,5),(19117,54,5),(19118,54,5),(19119,54,5),(19120,54,5),(19121,54,5),(19122,54,5),(19123,54,5),(19124,54,5),(19125,54,5),(19126,54,5),(19127,54,5),(19128,54,5),(19129,54,5),(19130,54,5),(19131,54,5),(19132,54,5),(19133,54,5),(19134,54,5),(19135,54,5),(19136,54,5),(19137,54,5),(19138,54,5),(19139,54,5),(19140,54,5),(19141,54,5),(19142,54,5),(19143,54,5),(19144,54,5),(19145,54,5),(19146,54,5),(19147,54,5),(19148,54,5),(19149,54,5),(19150,54,5),(19151,54,5),(19152,54,5),(19153,54,5),(19154,54,5),(19155,54,5),(19156,54,5),(19157,54,5),(19158,54,5),(19159,54,5),(19160,54,5),(19161,54,5),(19162,54,5),(19163,54,5),(19164,55,5),(19165,55,5),(19166,55,5),(19167,55,5),(19168,55,5),(19169,55,5),(19170,55,5),(19171,55,5),(19172,55,5),(19173,55,5),(19174,55,5),(19175,55,5),(19176,55,5),(19177,55,5),(19178,55,5),(19179,55,5),(19180,55,5),(19181,55,5),(19182,55,5),(19183,55,5),(19184,55,5),(19185,55,5),(19186,55,5),(19187,55,5),(19188,55,5),(19189,55,5),(19190,55,5),(19191,55,5),(19192,55,5),(19193,55,5),(19194,55,5),(19195,55,5),(19196,55,5),(19197,55,5),(19198,55,5),(19199,55,5),(19200,55,5),(19201,55,5),(19202,55,5),(19203,55,5),(19204,55,5),(19205,55,5),(19206,55,5),(19207,55,5),(19208,55,5),(19209,55,5),(19210,55,5),(19211,55,5),(19212,55,5),(19213,55,5),(19214,55,5),(19215,55,5),(19216,55,5),(19217,55,5),(19218,55,5),(19219,55,5),(19220,55,5),(19221,55,5),(19222,55,5),(19223,55,5),(19224,55,5),(19225,55,5),(19226,55,5),(19227,55,5),(19228,55,5),(19229,55,5),(19230,55,5),(19231,55,5),(19232,55,5),(19233,55,5),(19234,55,5),(19235,55,5),(19236,55,5),(19237,55,5),(19238,55,5),(19239,55,5),(19240,55,5),(19241,55,5),(19242,55,5),(19243,55,5),(19244,55,5),(19245,55,5),(19246,55,5),(19247,55,5),(19248,55,5),(19249,55,5),(19250,55,5),(19251,55,5),(19252,55,5),(19253,55,5),(19254,55,5),(19255,56,5),(19256,56,5),(19257,56,5),(19258,56,5),(19259,56,5),(19260,56,5),(19261,56,5),(19262,56,5),(19263,56,5),(19264,56,5),(19265,56,5),(19266,56,5),(19267,56,5),(19268,56,5),(19269,56,5),(19270,56,5),(19271,56,5),(19272,56,5),(19273,56,5),(19274,56,5),(19275,56,5),(19276,56,5),(19277,56,5),(19278,56,5),(19279,56,5),(19280,56,5),(19281,56,5),(19282,56,5),(19283,56,5),(19284,56,5),(19285,56,5),(19286,56,5),(19287,56,5),(19288,56,5),(19289,56,5),(19290,56,5),(19291,56,5),(19292,56,5),(19293,56,5),(19294,56,5),(19295,56,5),(19296,56,5),(19297,56,5),(19298,56,5),(19299,56,5),(19300,56,5),(19301,56,5),(19302,56,5),(19303,56,5),(19304,56,5),(19305,56,5),(19306,56,5),(19307,56,5),(19308,56,5),(19309,56,5),(19310,56,5),(19311,56,5),(19312,56,5),(19313,56,5),(19314,56,5),(19315,56,5),(19316,56,5),(19317,56,5),(19318,56,5),(19319,56,5),(19320,56,5),(19321,56,5),(19322,56,5),(19323,56,5),(19324,56,5),(19325,56,5),(19326,56,5),(19327,56,5),(19328,56,5),(19329,56,5),(19330,56,5),(19331,56,5),(19332,56,5),(19333,56,5),(19334,56,5),(19335,56,5),(19336,56,5),(19337,56,5),(19338,56,5),(19339,56,5),(19340,56,5),(19341,56,5),(19342,56,5),(19343,56,5),(19344,56,5),(19345,57,5),(19346,57,5),(19347,57,5),(19348,57,5),(19349,57,5),(19350,57,5),(19351,57,5),(19352,57,5),(19353,57,5),(19354,57,5),(19355,57,5),(19356,57,5),(19357,57,5),(19358,57,5),(19359,57,5),(19360,57,5),(19361,57,5),(19362,57,5),(19363,57,5),(19364,57,5),(19365,57,5),(19366,57,5),(19367,57,5),(19368,57,5),(19369,57,5),(19370,57,5),(19371,57,5),(19372,57,5),(19373,57,5),(19374,57,5),(19375,57,5),(19376,57,5),(19377,57,5),(19378,57,5),(19379,57,5),(19380,57,5),(19381,57,5),(19382,57,5),(19383,57,5),(19384,57,5),(19385,57,5),(19386,57,5),(19387,57,5),(19388,57,5),(19389,57,5),(19390,57,5),(19391,57,5),(19392,57,5),(19393,57,5),(19394,57,5),(19395,57,5),(19396,57,5),(19397,57,5),(19398,57,5),(19399,57,5),(19400,57,5),(19401,57,5),(19402,57,5),(19403,57,5),(19404,57,5),(19405,57,5),(19406,57,5),(19407,57,5),(19408,57,5),(19409,57,5),(19410,57,5),(19411,57,5),(19412,57,5),(19413,57,5),(19414,57,5),(19415,57,5),(19416,57,5),(19417,57,5),(19418,57,5),(19419,57,5),(19420,57,5),(19421,57,5),(19422,57,5),(19423,57,5),(19424,57,5),(19425,58,5),(19426,58,5),(19427,58,5),(19428,58,5),(19429,58,5),(19430,58,5),(19431,58,5),(19432,58,5),(19433,58,5),(19434,58,5),(19435,58,5),(19436,58,5),(19437,58,5),(19438,58,5),(19439,58,5),(19440,58,5),(19441,58,5),(19442,58,5),(19443,58,5),(19444,58,5),(19445,58,5),(19446,58,5),(19447,58,5),(19448,58,5),(19449,58,5),(19450,58,5),(19451,58,5),(19452,58,5),(19453,58,5),(19454,58,5),(19455,58,5),(19456,58,5),(19457,58,5),(19458,58,5),(19459,58,5),(19460,58,5),(19461,58,5),(19462,58,5),(19463,58,5),(19464,58,5),(19465,58,5),(19466,58,5),(19467,58,5),(19468,58,5),(19469,58,5),(19470,58,5),(19471,58,5),(19472,58,5),(19473,59,5),(19474,59,5),(19475,59,5),(19476,59,5),(19477,59,5),(19478,59,5),(19479,59,5),(19480,59,5),(19481,59,5),(19482,59,5),(19483,59,5),(19484,59,5),(19485,59,5),(19486,59,5),(19487,59,5),(19488,59,5),(19489,59,5),(19490,59,5),(19491,59,5),(19492,59,5),(19493,59,5),(19494,59,5),(19495,59,5),(19496,59,5),(19497,59,5),(19498,59,5),(19499,59,5),(19500,59,5),(19501,59,5),(19502,59,5),(19503,59,5),(19504,59,5),(19505,59,5),(19506,59,5),(19507,59,5),(19508,59,5),(19509,59,5),(19510,59,5),(19511,59,5),(19512,59,5),(19513,59,5),(19514,59,5),(19515,59,5),(19516,59,5),(19517,59,5),(19518,59,5),(19519,59,5),(19520,59,5),(19521,59,5),(19522,59,5),(19523,59,5),(19524,59,5),(19525,59,5),(19526,59,5),(19527,59,5),(19528,59,5),(19529,59,5),(19530,59,5),(19531,59,5),(19532,59,5),(19533,59,5),(19534,59,5),(19535,59,5),(19536,59,5),(19537,59,5),(19538,59,5),(19539,59,5),(19540,59,5),(19541,59,5),(19542,59,5),(19543,59,5),(19544,59,5),(19545,59,5),(19546,59,5),(19547,59,5),(19548,59,5),(19549,59,5),(19550,59,5),(19551,59,5),(19552,59,5),(19553,59,5),(19554,59,5),(19555,59,5),(19556,59,5),(19557,59,5),(19558,60,5),(19559,60,5),(19560,60,5),(19561,60,5),(19562,60,5),(19563,60,5),(19564,60,5),(19565,60,5),(19566,60,5),(19567,60,5),(19568,60,5),(19569,60,5),(19570,60,5),(19571,60,5),(19572,60,5),(19573,60,5),(19574,60,5),(19575,60,5),(19576,60,5),(19577,60,5),(19578,60,5),(19579,60,5),(19580,60,5),(19581,60,5),(19582,60,5),(19583,60,5),(19584,60,5),(19585,60,5),(19586,60,5),(19587,60,5),(19588,60,5),(19589,60,5),(19590,60,5),(19591,60,5),(19592,60,5),(19593,60,5),(19594,60,5),(19595,60,5),(19596,60,5),(19597,60,5),(19598,60,5),(19599,60,5),(19600,60,5),(19601,60,5),(19602,60,5),(19603,60,5),(19604,60,5),(19605,60,5),(19606,60,5),(19607,60,5),(19608,60,5),(19609,60,5),(19610,60,5),(19611,60,5),(19612,60,5),(19613,60,5),(19614,60,5),(19615,60,5),(19616,60,5),(19617,60,5),(19618,60,5),(19619,60,5),(19620,60,5),(19621,60,5),(19622,60,5),(19623,60,5),(19624,60,5),(19625,60,5),(19626,60,5),(19627,60,5),(19628,60,5),(19629,60,5),(19630,60,5),(19631,60,5),(19632,60,5),(19633,60,5),(19634,61,5),(19635,61,5),(19636,61,5),(19637,61,5),(19638,61,5),(19639,61,5),(19640,61,5),(19641,61,5),(19642,61,5),(19643,61,5),(19644,61,5),(19645,61,5),(19646,61,5),(19647,61,5),(19648,61,5),(19649,61,5),(19650,61,5),(19651,61,5),(19652,61,5),(19653,61,5),(19654,61,5),(19655,61,5),(19656,61,5),(19657,61,5),(19658,61,5),(19659,61,5),(19660,61,5),(19661,61,5),(19662,61,5),(19663,61,5),(19664,61,5),(19665,61,5),(19666,61,5),(19667,61,5),(19668,61,5),(19669,61,5),(19670,61,5),(19671,61,5),(19672,61,5),(19673,61,5),(19674,61,5),(19675,61,5),(19676,61,5),(19677,61,5),(19678,61,5),(19679,61,5),(19680,61,5),(19681,61,5),(19682,61,5),(19683,61,5),(19684,61,5),(19685,61,5),(19686,61,5),(19687,61,5),(19688,61,5),(19689,61,5),(19690,61,5),(19691,61,5),(19692,61,5),(19693,61,5),(19694,61,5),(19695,61,5),(19696,61,5),(19697,61,5),(19698,61,5),(19699,61,5),(19700,61,5),(19701,62,5),(19702,62,5),(19703,62,5),(19704,62,5),(19705,62,5),(19706,62,5),(19707,62,5),(19708,62,5),(19709,62,5),(19710,62,5),(19711,62,5),(19712,62,5),(19713,62,5),(19714,62,5),(19715,62,5),(19716,62,5),(19717,62,5),(19718,62,5),(19719,62,5),(19720,62,5),(19721,62,5),(19722,62,5),(19723,62,5),(19724,62,5),(19725,62,5),(19726,62,5),(19727,62,5),(19728,62,5),(19729,62,5),(19730,62,5),(19731,62,5),(19732,62,5),(19733,62,5),(19734,62,5),(19735,62,5),(19736,62,5),(19737,62,5),(19738,62,5),(19739,62,5),(19740,62,5),(19741,62,5),(19742,62,5),(19743,62,5),(19744,62,5),(19745,62,5),(19746,62,5),(19747,62,5),(19748,62,5),(19749,62,5),(19750,62,5),(19751,62,5),(19752,62,5),(19753,62,5),(19754,62,5),(19755,62,5),(19756,62,5),(19757,62,5),(19758,62,5),(19759,62,5),(19760,62,5),(19761,62,5),(19762,62,5),(19763,62,5),(19764,62,5),(19765,62,5),(19766,62,5),(19767,62,5),(19768,62,5),(19769,62,5),(19770,62,5),(19771,62,5),(19772,62,5),(19773,62,5),(19774,62,5),(19775,62,5),(19776,62,5),(19777,62,5),(19778,62,5),(19779,63,5),(19780,63,5),(19781,63,5),(19782,63,5),(19783,63,5),(19784,63,5),(19785,63,5),(19786,63,5),(19787,63,5),(19788,63,5),(19789,63,5),(19790,63,5),(19791,63,5),(19792,63,5),(19793,63,5),(19794,63,5),(19795,63,5),(19796,63,5),(19797,63,5),(19798,63,5),(19799,63,5),(19800,63,5),(19801,63,5),(19802,63,5),(19803,63,5),(19804,63,5),(19805,63,5),(19806,63,5),(19807,63,5),(19808,63,5),(19809,63,5),(19810,63,5),(19811,63,5),(19812,63,5),(19813,63,5),(19814,63,5),(19815,63,5),(19816,63,5),(19817,63,5),(19818,63,5),(19819,63,5),(19820,63,5),(19821,63,5),(19822,63,5),(19823,63,5),(19824,63,5),(19825,63,5),(19826,63,5),(19827,63,5),(19828,63,5),(19829,63,5),(19830,63,5),(19831,63,5),(19832,63,5),(19833,63,5),(19834,64,5),(19835,64,5),(19836,64,5),(19837,64,5),(19838,64,5),(19839,64,5),(19840,64,5),(19841,64,5),(19842,64,5),(19843,64,5),(19844,64,5),(19845,64,5),(19846,64,5),(19847,64,5),(19848,64,5),(19849,64,5),(19850,64,5),(19851,64,5),(19852,64,5),(19853,64,5),(19854,64,5),(19855,64,5),(19856,64,5),(19857,64,5),(19858,64,5),(19859,64,5),(19860,64,5),(19861,64,5),(19862,64,5),(19863,64,5),(19864,64,5),(19865,64,5),(19866,64,5),(19867,64,5),(19868,64,5),(19869,64,5),(19870,64,5),(19871,64,5),(19872,64,5),(19873,64,5),(19874,64,5),(19875,64,5),(19876,64,5),(19877,64,5),(19878,64,5),(19879,64,5),(19880,64,5),(19881,64,5),(19882,64,5),(19883,64,5),(19884,64,5),(19885,64,5),(19886,64,5),(19887,64,5),(19888,64,5),(19889,64,5),(19890,64,5),(19891,64,5),(19892,64,5),(19893,64,5),(19894,64,5),(19895,64,5),(19896,64,5),(19897,64,5),(19898,64,5),(19899,64,5),(19900,64,5),(19901,64,5),(19902,64,5),(19903,64,5),(19904,64,5),(19905,64,5),(19906,64,5),(19907,64,5),(19908,64,5),(19909,64,5),(19910,64,5),(19911,64,5),(19912,64,5),(19913,64,5),(19914,64,5),(19915,64,5),(19916,64,5),(19917,64,5),(19918,64,5),(19919,64,5),(19920,64,5),(19921,64,5),(19922,65,5),(19923,65,5),(19924,65,5),(19925,65,5),(19926,65,5),(19927,65,5),(19928,65,5),(19929,65,5),(19930,65,5),(19931,65,5),(19932,65,5),(19933,65,5),(19934,65,5),(19935,65,5),(19936,65,5),(19937,65,5),(19938,65,5),(19939,65,5),(19940,65,5),(19941,65,5),(19942,65,5),(19943,65,5),(19944,65,5),(19945,65,5),(19946,65,5),(19947,65,5),(19948,65,5),(19949,65,5),(19950,65,5),(19951,65,5),(19952,65,5),(19953,65,5),(19954,65,5),(19955,65,5),(19956,65,5),(19957,65,5),(19958,65,5),(19959,65,5),(19960,65,5),(19961,65,5),(19962,65,5),(19963,65,5),(19964,65,5),(19965,65,5),(19966,65,5),(19967,65,5),(19968,65,5),(19969,65,5),(19970,65,5),(19971,65,5),(19972,65,5),(19973,65,5),(19974,65,5),(19975,65,5),(19976,65,5),(19977,65,5),(19978,65,5),(19979,65,5),(19980,65,5),(19981,65,5),(19982,65,5),(19983,65,5),(19984,65,5),(19985,66,5),(19986,66,5),(19987,66,5),(19988,66,5),(19989,66,5),(19990,66,5),(19991,66,5),(19992,66,5),(19993,66,5),(19994,66,5),(19995,66,5),(19996,66,5),(19997,66,5),(19998,66,5),(19999,66,5),(20000,66,5),(20001,66,5),(20002,66,5),(20003,66,5),(20004,66,5),(20005,66,5),(20006,66,5),(20007,66,5),(20008,66,5),(20009,66,5),(20010,66,5),(20011,66,5),(20012,66,5),(20013,66,5),(20014,66,5),(20015,66,5),(20016,66,5),(20017,66,5),(20018,66,5),(20019,66,5),(20020,66,5),(20021,66,5),(20022,66,5),(20023,66,5),(20024,66,5),(20025,66,5),(20026,66,5),(20027,66,5),(20028,66,5),(20029,66,5),(20030,66,5),(20031,66,5),(20032,66,5),(20033,66,5),(20034,66,5),(20035,66,5),(20036,66,5),(20037,66,5),(20038,66,5),(20039,66,5),(20040,66,5),(20041,66,5),(20042,66,5),(20043,66,5),(20044,66,5),(20045,66,5),(20046,66,5),(20047,66,5),(20048,66,5),(20049,66,5),(20050,66,5),(20051,66,5),(20052,66,5),(20053,66,5),(20054,66,5),(20055,66,5),(20056,66,5),(20057,66,5),(20058,66,5),(20059,66,5),(20060,66,5),(20061,66,5),(20062,66,5),(20063,66,5),(20064,66,5),(20065,66,5),(20066,66,5),(20067,66,5),(20068,66,5),(20069,66,5),(20070,66,5),(20071,66,5),(20072,67,5),(20073,67,5),(20074,67,5),(20075,67,5),(20076,67,5),(20077,67,5),(20078,67,5),(20079,67,5),(20080,67,5),(20081,67,5),(20082,67,5),(20083,67,5),(20084,67,5),(20085,67,5),(20086,67,5),(20087,67,5),(20088,67,5),(20089,67,5),(20090,67,5),(20091,67,5),(20092,67,5),(20093,67,5),(20094,67,5),(20095,67,5),(20096,67,5),(20097,67,5),(20098,67,5),(20099,67,5),(20100,67,5),(20101,67,5),(20102,67,5),(20103,67,5),(20104,67,5),(20105,67,5),(20106,67,5),(20107,67,5),(20108,67,5),(20109,67,5),(20110,67,5),(20111,67,5),(20112,67,5),(20113,67,5),(20114,67,5),(20115,67,5),(20116,67,5),(20117,67,5),(20118,67,5),(20119,67,5),(20120,67,5),(20121,67,5),(20122,67,5),(20123,67,5),(20124,67,5),(20125,67,5),(20126,67,5),(20127,67,5),(20128,67,5),(20129,67,5),(20130,67,5),(20131,67,5),(20132,67,5),(20133,67,5),(20134,67,5),(20135,67,5),(20136,67,5),(20137,67,5),(20138,67,5),(20139,67,5),(20140,67,5),(20141,67,5),(20142,67,5),(20143,67,5),(20144,67,5),(20145,67,5),(20146,67,5),(20147,67,5),(20148,67,5),(20149,67,5),(20150,67,5),(20151,67,5),(20152,67,5),(20153,67,5),(20154,67,5),(20155,67,5),(20156,67,5),(20157,67,5),(20158,68,5),(20159,68,5),(20160,68,5),(20161,68,5),(20162,68,5),(20163,68,5),(20164,68,5),(20165,68,5),(20166,68,5),(20167,68,5),(20168,68,5),(20169,68,5),(20170,68,5),(20171,68,5),(20172,68,5),(20173,68,5),(20174,68,5),(20175,68,5),(20176,68,5),(20177,68,5),(20178,68,5),(20179,68,5),(20180,68,5),(20181,68,5),(20182,68,5),(20183,68,5),(20184,68,5),(20185,68,5),(20186,68,5),(20187,68,5),(20188,68,5),(20189,68,5),(20190,68,5),(20191,68,5),(20192,68,5),(20193,68,5),(20194,68,5),(20195,68,5),(20196,68,5),(20197,68,5),(20198,68,5),(20199,68,5),(20200,68,5),(20201,68,5),(20202,68,5),(20203,68,5),(20204,68,5),(20205,68,5),(20206,68,5),(20207,68,5),(20208,68,5),(20209,68,5),(20210,68,5),(20211,68,5),(20212,68,5),(20213,68,5),(20214,68,5),(20215,68,5),(20216,68,5),(20217,68,5),(20218,68,5),(20219,68,5),(20220,68,5),(20221,68,5),(20222,68,5),(20223,68,5),(20224,68,5),(20225,68,5),(20226,68,5),(20227,68,5),(20228,68,5),(20229,68,5),(20230,68,5),(20231,68,5),(20232,68,5),(20233,68,5),(20234,68,5),(20235,68,5),(20236,68,5),(20237,68,5),(20238,68,5),(20239,68,5),(20240,68,5),(20241,68,5),(20242,68,5),(20243,68,5),(20244,68,5),(20245,68,5),(20246,68,5),(20247,68,5),(20248,68,5),(20249,68,5),(20250,68,5),(20251,68,5),(20252,69,5),(20253,69,5),(20254,69,5),(20255,69,5),(20256,69,5),(20257,69,5),(20258,69,5),(20259,69,5),(20260,69,5),(20261,69,5),(20262,69,5),(20263,69,5),(20264,69,5),(20265,69,5),(20266,69,5),(20267,69,5),(20268,69,5),(20269,69,5),(20270,69,5),(20271,69,5),(20272,69,5),(20273,69,5),(20274,69,5),(20275,69,5),(20276,69,5),(20277,69,5),(20278,69,5),(20279,69,5),(20280,69,5),(20281,69,5),(20282,69,5),(20283,69,5),(20284,69,5),(20285,69,5),(20286,69,5),(20287,69,5),(20288,69,5),(20289,69,5),(20290,69,5),(20291,69,5),(20292,69,5),(20293,69,5),(20294,69,5),(20295,69,5),(20296,69,5),(20297,69,5),(20298,69,5),(20299,69,5),(20300,69,5),(20301,69,5),(20302,69,5),(20303,69,5),(20304,69,5),(20305,69,5),(20306,69,5),(20307,69,5),(20308,69,5),(20309,69,5),(20310,69,5),(20311,69,5),(20312,69,5),(20313,69,5),(20314,69,5),(20315,69,5),(20316,69,5),(20317,69,5),(20318,69,5),(20319,69,5),(20320,69,5),(20321,69,5),(20322,69,5),(20323,69,5),(20324,69,5),(20325,69,5),(20326,69,5),(20327,69,5),(20328,69,5),(20329,69,5),(20330,69,5),(20331,70,5),(20332,70,5),(20333,70,5),(20334,70,5),(20335,70,5),(20336,70,5),(20337,70,5),(20338,70,5),(20339,70,5),(20340,70,5),(20341,70,5),(20342,70,5),(20343,70,5),(20344,70,5),(20345,70,5),(20346,70,5),(20347,70,5),(20348,70,5),(20349,70,5),(20350,70,5),(20351,70,5),(20352,70,5),(20353,70,5),(20354,70,5),(20355,70,5),(20356,70,5),(20357,70,5),(20358,70,5),(20359,70,5),(20360,70,5),(20361,70,5),(20362,70,5),(20363,70,5),(20364,70,5),(20365,70,5),(20366,70,5),(20367,70,5),(20368,70,5),(20369,70,5),(20370,70,5),(20371,70,5),(20372,70,5),(20373,70,5),(20374,70,5),(20375,70,5),(20376,70,5),(20377,70,5),(20378,70,5),(20379,70,5),(20380,70,5),(20381,70,5),(20382,70,5),(20383,70,5),(20384,70,5),(20385,70,5),(20386,70,5),(20387,70,5),(20388,70,5),(20389,70,5),(20390,70,5),(20391,70,5),(20392,70,5),(20393,70,5),(20394,70,5),(20395,70,5),(20396,70,5),(20397,70,5),(20398,70,5),(20399,70,5),(20400,70,5),(20401,70,5),(20402,70,5),(20403,70,5),(20404,70,5),(20405,70,5),(20406,71,5),(20407,71,5),(20408,71,5),(20409,71,5),(20410,71,5),(20411,71,5),(20412,71,5),(20413,71,5),(20414,71,5),(20415,71,5),(20416,71,5),(20417,71,5),(20418,71,5),(20419,71,5),(20420,71,5),(20421,71,5),(20422,71,5),(20423,71,5),(20424,71,5),(20425,71,5),(20426,71,5),(20427,71,5),(20428,71,5),(20429,71,5),(20430,71,5),(20431,71,5),(20432,71,5),(20433,71,5),(20434,71,5),(20435,71,5),(20436,71,5),(20437,71,5),(20438,71,5),(20439,71,5),(20440,71,5),(20441,71,5),(20442,71,5),(20443,71,5),(20444,71,5),(20445,71,5),(20446,71,5),(20447,71,5),(20448,71,5),(20449,71,5),(20450,71,5),(20451,71,5),(20452,71,5),(20453,71,5),(20454,71,5),(20455,71,5),(20456,71,5),(20457,71,5),(20458,71,5),(20459,71,5),(20460,71,5),(20461,71,5),(20462,71,5),(20463,71,5),(20464,71,5),(20465,71,5),(20466,72,5),(20467,72,5),(20468,72,5),(20469,72,5),(20470,72,5),(20471,72,5),(20472,72,5),(20473,72,5),(20474,72,5),(20475,72,5),(20476,72,5),(20477,72,5),(20478,72,5),(20479,72,5),(20480,72,5),(20481,72,5),(20482,72,5),(20483,72,5),(20484,72,5),(20485,72,5),(20486,72,5),(20487,72,5),(20488,72,5),(20489,72,5),(20490,72,5),(20491,72,5),(20492,72,5),(20493,72,5),(20494,72,5),(20495,72,5),(20496,72,5),(20497,72,5),(20498,72,5),(20499,72,5),(20500,72,5),(20501,72,5),(20502,72,5),(20503,72,5),(20504,72,5),(20505,72,5),(20506,72,5),(20507,72,5),(20508,72,5),(20509,72,5),(20510,72,5),(20511,72,5),(20512,72,5),(20513,72,5),(20514,72,5),(20515,72,5),(20516,72,5),(20517,72,5),(20518,72,5),(20519,72,5),(20520,72,5),(20521,72,5),(20522,72,5),(20523,72,5),(20524,72,5),(20525,72,5),(20526,72,5),(20527,72,5),(20528,72,5),(20529,72,5),(20530,72,5),(20531,72,5),(20532,72,5),(20533,72,5),(20534,72,5),(20535,72,5),(20536,72,5),(20537,72,5),(20538,72,5),(20539,72,5),(20540,72,5),(20541,72,5),(20542,72,5),(20543,72,5),(20544,72,5),(20545,72,5),(20546,72,5),(20547,72,5),(20548,72,5),(20549,72,5),(20550,72,5),(20551,72,5),(20552,72,5),(20553,72,5),(20554,72,5),(20555,72,5),(20556,72,5),(20557,72,5),(20558,72,5),(20559,72,5),(20560,72,5),(20561,72,5),(20562,72,5),(20563,73,5),(20564,73,5),(20565,73,5),(20566,73,5),(20567,73,5),(20568,73,5),(20569,73,5),(20570,73,5),(20571,73,5),(20572,73,5),(20573,73,5),(20574,73,5),(20575,73,5),(20576,73,5),(20577,73,5),(20578,73,5),(20579,73,5),(20580,73,5),(20581,73,5),(20582,73,5),(20583,73,5),(20584,73,5),(20585,73,5),(20586,73,5),(20587,73,5),(20588,73,5),(20589,73,5),(20590,73,5),(20591,73,5),(20592,73,5),(20593,73,5),(20594,73,5),(20595,73,5),(20596,73,5),(20597,73,5),(20598,73,5),(20599,73,5),(20600,73,5),(20601,73,5),(20602,73,5),(20603,73,5),(20604,73,5),(20605,73,5),(20606,73,5),(20607,73,5),(20608,73,5),(20609,73,5),(20610,73,5),(20611,73,5),(20612,73,5),(20613,73,5),(20614,73,5),(20615,73,5),(20616,73,5),(20617,73,5),(20618,73,5),(20619,73,5),(20620,73,5),(20621,73,5),(20622,73,5),(20623,73,5),(20624,73,5),(20625,73,5),(20626,73,5),(20627,73,5),(20628,73,5),(20629,73,5),(20630,73,5),(20631,73,5),(20632,73,5),(20633,73,5),(20634,73,5),(20635,73,5),(20636,73,5),(20637,73,5),(20638,73,5),(20639,73,5),(20640,73,5),(20641,73,5),(20642,73,5),(20643,73,5),(20644,73,5),(20645,73,5),(20646,73,5),(20647,73,5),(20648,74,5),(20649,74,5),(20650,74,5),(20651,74,5),(20652,74,5),(20653,74,5),(20654,74,5),(20655,74,5),(20656,74,5),(20657,74,5),(20658,74,5),(20659,74,5),(20660,74,5),(20661,74,5),(20662,74,5),(20663,74,5),(20664,74,5),(20665,74,5),(20666,74,5),(20667,74,5),(20668,74,5),(20669,74,5),(20670,74,5),(20671,74,5),(20672,74,5),(20673,74,5),(20674,74,5),(20675,74,5),(20676,74,5),(20677,74,5),(20678,74,5),(20679,74,5),(20680,74,5),(20681,74,5),(20682,74,5),(20683,74,5),(20684,74,5),(20685,74,5),(20686,74,5),(20687,74,5),(20688,74,5),(20689,74,5),(20690,74,5),(20691,74,5),(20692,74,5),(20693,74,5),(20694,74,5),(20695,74,5),(20696,74,5),(20697,74,5),(20698,74,5),(20699,74,5),(20700,74,5),(20701,74,5),(20702,74,5),(20703,74,5),(20704,74,5),(20705,74,5),(20706,74,5),(20707,74,5),(20708,74,5),(20709,74,5),(20710,74,5),(20711,74,5),(20712,74,5),(20713,75,5),(20714,75,5),(20715,75,5),(20716,75,5),(20717,75,5),(20718,75,5),(20719,75,5),(20720,75,5),(20721,75,5),(20722,75,5),(20723,75,5),(20724,75,5),(20725,75,5),(20726,75,5),(20727,75,5),(20728,75,5),(20729,75,5),(20730,75,5),(20731,75,5),(20732,75,5),(20733,75,5),(20734,75,5),(20735,75,5),(20736,75,5),(20737,75,5),(20738,75,5),(20739,75,5),(20740,75,5),(20741,75,5),(20742,75,5),(20743,75,5),(20744,75,5),(20745,75,5),(20746,75,5),(20747,75,5),(20748,75,5),(20749,75,5),(20750,75,5),(20751,75,5),(20752,75,5),(20753,75,5),(20754,75,5),(20755,75,5),(20756,75,5),(20757,75,5),(20758,75,5),(20759,75,5),(20760,75,5),(20761,75,5),(20762,75,5),(20763,75,5),(20764,75,5),(20765,75,5),(20766,75,5),(20767,75,5),(20768,75,5),(20769,75,5),(20770,75,5),(20771,75,5),(20772,75,5),(20773,75,5),(20774,75,5),(20775,75,5),(20776,75,5),(20777,75,5),(20778,75,5),(20779,75,5),(20780,75,5),(20781,75,5),(20782,75,5),(20783,75,5),(20784,75,5),(20785,75,5),(20786,75,5),(20787,75,5),(20788,75,5),(20789,75,5),(20790,75,5),(20791,75,5),(20792,75,5),(20793,75,5),(20794,75,5),(20795,75,5),(20796,75,5),(20797,75,5),(20798,75,5),(20799,75,5),(20800,76,5),(20801,76,5),(20802,76,5),(20803,76,5),(20804,76,5),(20805,76,5),(20806,76,5),(20807,76,5),(20808,76,5),(20809,76,5),(20810,76,5),(20811,76,5),(20812,76,5),(20813,76,5),(20814,76,5),(20815,76,5),(20816,76,5),(20817,76,5),(20818,76,5),(20819,76,5),(20820,76,5),(20821,76,5),(20822,76,5),(20823,76,5),(20824,76,5),(20825,76,5),(20826,76,5),(20827,76,5),(20828,76,5),(20829,76,5),(20830,76,5),(20831,76,5),(20832,76,5),(20833,76,5),(20834,76,5),(20835,76,5),(20836,76,5),(20837,76,5),(20838,76,5),(20839,76,5),(20840,76,5),(20841,76,5),(20842,76,5),(20843,76,5),(20844,76,5),(20845,76,5),(20846,76,5),(20847,76,5),(20848,76,5),(20849,76,5),(20850,76,5),(20851,76,5),(20852,76,5),(20853,76,5),(20854,76,5),(20855,76,5),(20856,76,5),(20857,76,5),(20858,76,5),(20859,76,5),(20860,76,5),(20861,76,5),(20862,76,5),(20863,76,5),(20864,76,5),(20865,76,5),(20866,76,5),(20867,76,5),(20868,76,5),(20869,76,5),(20870,76,5),(20871,76,5),(20872,76,5),(20873,76,5),(20874,76,5),(20875,76,5),(20876,76,5),(20877,76,5),(20878,76,5),(20879,76,5),(20880,76,5),(20881,76,5),(20882,76,5),(20883,77,5),(20884,77,5),(20885,77,5),(20886,77,5),(20887,77,5),(20888,77,5),(20889,77,5),(20890,77,5),(20891,77,5),(20892,77,5),(20893,77,5),(20894,77,5),(20895,77,5),(20896,77,5),(20897,77,5),(20898,77,5),(20899,77,5),(20900,77,5),(20901,77,5),(20902,77,5),(20903,77,5),(20904,77,5),(20905,77,5),(20906,77,5),(20907,77,5),(20908,77,5),(20909,77,5),(20910,77,5),(20911,77,5),(20912,77,5),(20913,77,5),(20914,77,5),(20915,77,5),(20916,77,5),(20917,77,5),(20918,77,5),(20919,77,5),(20920,77,5),(20921,77,5),(20922,77,5),(20923,77,5),(20924,77,5),(20925,77,5),(20926,77,5),(20927,77,5),(20928,77,5),(20929,77,5),(20930,77,5),(20931,77,5),(20932,77,5),(20933,77,5),(20934,77,5),(20935,77,5),(20936,77,5),(20937,77,5),(20938,77,5),(20939,77,5),(20940,77,5),(20941,77,5),(20942,77,5),(20943,77,5),(20944,77,5),(20945,77,5),(20946,77,5),(20947,77,5),(20948,77,5),(20949,77,5),(20950,77,5),(20951,77,5),(20952,77,5),(20953,77,5),(20954,77,5),(20955,77,5),(20956,78,5),(20957,78,5),(20958,78,5),(20959,78,5),(20960,78,5),(20961,78,5),(20962,78,5),(20963,78,5),(20964,78,5),(20965,78,5),(20966,78,5),(20967,78,5),(20968,78,5),(20969,78,5),(20970,78,5),(20971,78,5),(20972,78,5),(20973,78,5),(20974,78,5),(20975,78,5),(20976,78,5),(20977,78,5),(20978,78,5),(20979,78,5),(20980,78,5),(20981,78,5),(20982,78,5),(20983,78,5),(20984,78,5),(20985,78,5),(20986,78,5),(20987,78,5),(20988,78,5),(20989,78,5),(20990,78,5),(20991,78,5),(20992,78,5),(20993,78,5),(20994,78,5),(20995,78,5),(20996,78,5),(20997,78,5),(20998,78,5),(20999,78,5),(21000,78,5),(21001,78,5),(21002,78,5),(21003,78,5),(21004,78,5),(21005,78,5),(21006,78,5),(21007,78,5),(21008,78,5),(21009,78,5),(21010,78,5),(21011,78,5),(21012,78,5),(21013,78,5),(21014,78,5),(21015,78,5),(21016,78,5),(21017,78,5),(21018,78,5),(21019,78,5),(21020,78,5),(21021,78,5),(21022,78,5),(21023,78,5),(21024,78,5),(21025,78,5),(21026,78,5),(21027,78,5),(21028,78,5),(21029,79,5),(21030,79,5),(21031,79,5),(21032,79,5),(21033,79,5),(21034,79,5),(21035,79,5),(21036,79,5),(21037,79,5),(21038,79,5),(21039,79,5),(21040,79,5),(21041,79,5),(21042,79,5),(21043,79,5),(21044,79,5),(21045,79,5),(21046,79,5),(21047,79,5),(21048,79,5),(21049,79,5),(21050,79,5),(21051,79,5),(21052,79,5),(21053,79,5),(21054,79,5),(21055,79,5),(21056,79,5),(21057,79,5),(21058,79,5),(21059,79,5),(21060,79,5),(21061,79,5),(21062,79,5),(21063,79,5),(21064,79,5),(21065,79,5),(21066,79,5),(21067,79,5),(21068,79,5),(21069,79,5),(21070,79,5),(21071,79,5),(21072,79,5),(21073,79,5),(21074,79,5),(21075,79,5),(21076,79,5),(21077,79,5),(21078,79,5),(21079,79,5),(21080,79,5),(21081,79,5),(21082,79,5),(21083,79,5),(21084,79,5),(21085,79,5),(21086,79,5),(21087,79,5),(21088,79,5),(21089,79,5),(21090,79,5),(21091,79,5),(21092,79,5),(21093,79,5),(21094,79,5),(21095,79,5),(21096,79,5),(21097,79,5),(21098,79,5),(21099,79,5),(21100,79,5),(21101,79,5),(21102,79,5),(21103,79,5),(21104,79,5),(21105,79,5),(21106,79,5),(21107,79,5),(21108,79,5),(21109,79,5),(21110,79,5),(21111,79,5),(21112,79,5),(21113,79,5),(21114,79,5),(21115,79,5),(21116,79,5),(21117,79,5),(21118,79,5),(21119,79,5),(21120,79,5),(21121,79,5),(21122,79,5),(21123,80,5),(21124,80,5),(21125,80,5),(21126,80,5),(21127,80,5),(21128,80,5),(21129,80,5),(21130,80,5),(21131,80,5),(21132,80,5),(21133,80,5),(21134,80,5),(21135,80,5),(21136,80,5),(21137,80,5),(21138,80,5),(21139,80,5),(21140,80,5),(21141,80,5),(21142,80,5),(21143,80,5),(21144,80,5),(21145,80,5),(21146,80,5),(21147,80,5),(21148,80,5),(21149,80,5),(21150,80,5),(21151,80,5),(21152,80,5),(21153,80,5),(21154,80,5),(21155,80,5),(21156,80,5),(21157,80,5),(21158,80,5),(21159,80,5),(21160,80,5),(21161,80,5),(21162,80,5),(21163,80,5),(21164,80,5),(21165,80,5),(21166,80,5),(21167,80,5),(21168,80,5),(21169,80,5),(21170,80,5),(21171,80,5),(21172,80,5),(21173,80,5),(21174,80,5),(21175,80,5),(21176,80,5),(21177,80,5),(21178,80,5),(21179,80,5),(21180,80,5),(21181,80,5),(21182,80,5),(21183,80,5),(21184,80,5),(21185,80,5),(21186,80,5),(21187,80,5),(21188,80,5),(21189,80,5),(21190,80,5),(21191,80,5),(21192,80,5),(21193,80,5),(21194,80,5),(21195,80,5),(21196,80,5),(21197,80,5),(21198,80,5),(21199,80,5),(21200,80,5),(21201,80,5),(21202,80,5),(21203,80,5),(21204,80,5),(21205,80,5),(21206,80,5),(21207,80,5),(21208,80,5),(21209,80,5),(21210,80,5),(21211,80,5),(21212,80,5),(21213,80,5),(21214,81,5),(21215,81,5),(21216,81,5),(21217,81,5),(21218,81,5),(21219,81,5),(21220,81,5),(21221,81,5),(21222,81,5),(21223,81,5),(21224,81,5),(21225,81,5),(21226,81,5),(21227,81,5),(21228,81,5),(21229,81,5),(21230,81,5),(21231,81,5),(21232,81,5),(21233,81,5),(21234,81,5),(21235,81,5),(21236,81,5),(21237,81,5),(21238,81,5),(21239,81,5),(21240,81,5),(21241,81,5),(21242,81,5),(21243,81,5),(21244,81,5),(21245,81,5),(21246,81,5),(21247,81,5),(21248,81,5),(21249,81,5),(21250,81,5),(21251,81,5),(21252,81,5),(21253,81,5),(21254,81,5),(21255,81,5),(21256,81,5),(21257,81,5),(21258,81,5),(21259,81,5),(21260,81,5),(21261,81,5),(21262,81,5),(21263,81,5),(21264,81,5),(21265,81,5),(21266,81,5),(21267,81,5),(21268,81,5),(21269,81,5),(21270,81,5),(21271,81,5),(21272,81,5),(21273,81,5),(21274,81,5),(21275,81,5),(21276,81,5),(21277,81,5),(21278,81,5),(21279,81,5),(21280,81,5),(21281,81,5),(21282,81,5),(21283,82,5),(21284,82,5),(21285,82,5),(21286,82,5),(21287,82,5),(21288,82,5),(21289,82,5),(21290,82,5),(21291,82,5),(21292,82,5),(21293,82,5),(21294,82,5),(21295,82,5),(21296,82,5),(21297,82,5),(21298,82,5),(21299,82,5),(21300,82,5),(21301,82,5),(21302,82,5),(21303,82,5),(21304,82,5),(21305,82,5),(21306,82,5),(21307,82,5),(21308,82,5),(21309,82,5),(21310,82,5),(21311,82,5),(21312,82,5),(21313,82,5),(21314,82,5),(21315,82,5),(21316,82,5),(21317,82,5),(21318,82,5),(21319,82,5),(21320,82,5),(21321,82,5),(21322,82,5),(21323,82,5),(21324,82,5),(21325,82,5),(21326,82,5),(21327,82,5),(21328,82,5),(21329,82,5),(21330,82,5),(21331,82,5),(21332,82,5),(21333,82,5),(21334,82,5),(21335,82,5),(21336,82,5),(21337,82,5),(21338,82,5),(21339,82,5),(21340,82,5),(21341,82,5),(21342,82,5),(21343,82,5),(21344,82,5),(21345,82,5),(21346,82,5),(21347,82,5),(21348,82,5),(21349,82,5),(21350,82,5),(21351,82,5),(21352,82,5),(21353,82,5),(21354,82,5),(21355,82,5),(21356,82,5),(21357,82,5),(21358,82,5),(21359,82,5),(21360,82,5),(21361,82,5),(21362,82,5),(21363,82,5),(21364,83,5),(21365,83,5),(21366,83,5),(21367,83,5),(21368,83,5),(21369,83,5),(21370,83,5),(21371,83,5),(21372,83,5),(21373,83,5),(21374,83,5),(21375,83,5),(21376,83,5),(21377,83,5),(21378,83,5),(21379,83,5),(21380,83,5),(21381,83,5),(21382,83,5),(21383,83,5),(21384,83,5),(21385,83,5),(21386,83,5),(21387,83,5),(21388,83,5),(21389,83,5),(21390,83,5),(21391,83,5),(21392,83,5),(21393,83,5),(21394,83,5),(21395,83,5),(21396,83,5),(21397,83,5),(21398,83,5),(21399,83,5),(21400,83,5),(21401,83,5),(21402,83,5),(21403,83,5),(21404,83,5),(21405,83,5),(21406,83,5),(21407,83,5),(21408,83,5),(21409,83,5),(21410,83,5),(21411,83,5),(21412,83,5),(21413,83,5),(21414,83,5),(21415,83,5),(21416,83,5),(21417,83,5),(21418,83,5),(21419,83,5),(21420,83,5),(21421,83,5),(21422,83,5),(21423,83,5),(21424,83,5),(21425,83,5),(21426,83,5),(21427,83,5),(21428,83,5),(21429,83,5),(21430,83,5),(21431,83,5),(21432,83,5),(21433,83,5),(21434,83,5),(21435,83,5),(21436,83,5),(21437,83,5),(21438,84,5),(21439,84,5),(21440,84,5),(21441,84,5),(21442,84,5),(21443,84,5),(21444,84,5),(21445,84,5),(21446,84,5),(21447,84,5),(21448,84,5),(21449,84,5),(21450,84,5),(21451,84,5),(21452,84,5),(21453,84,5),(21454,84,5),(21455,84,5),(21456,84,5),(21457,84,5),(21458,84,5),(21459,84,5),(21460,84,5),(21461,84,5),(21462,84,5),(21463,84,5),(21464,84,5),(21465,84,5),(21466,84,5),(21467,84,5),(21468,84,5),(21469,84,5),(21470,84,5),(21471,84,5),(21472,84,5),(21473,84,5),(21474,84,5),(21475,84,5),(21476,84,5),(21477,84,5),(21478,84,5),(21479,84,5),(21480,84,5),(21481,84,5),(21482,84,5),(21483,84,5),(21484,84,5),(21485,84,5),(21486,84,5),(21487,84,5),(21488,84,5),(21489,84,5),(21490,84,5),(21491,84,5),(21492,84,5),(21493,84,5),(21494,84,5),(21495,84,5),(21496,84,5),(21497,84,5),(21498,84,5),(21499,84,5),(21500,84,5),(21501,84,5),(21502,84,5),(21503,84,5),(21504,84,5),(21505,84,5),(21506,84,5),(21507,85,5),(21508,85,5),(21509,85,5),(21510,85,5),(21511,85,5),(21512,85,5),(21513,85,5),(21514,85,5),(21515,85,5),(21516,85,5),(21517,85,5),(21518,85,5),(21519,85,5),(21520,85,5),(21521,85,5),(21522,85,5),(21523,85,5),(21524,85,5),(21525,85,5),(21526,85,5),(21527,85,5),(21528,85,5),(21529,85,5),(21530,85,5),(21531,85,5),(21532,85,5),(21533,85,5),(21534,85,5),(21535,85,5),(21536,85,5),(21537,85,5),(21538,85,5),(21539,85,5),(21540,85,5),(21541,85,5),(21542,85,5),(21543,85,5),(21544,85,5),(21545,85,5),(21546,85,5),(21547,85,5),(21548,85,5),(21549,85,5),(21550,85,5),(21551,85,5),(21552,85,5),(21553,85,5),(21554,85,5),(21555,85,5),(21556,85,5),(21557,85,5),(21558,85,5),(21559,85,5),(21560,85,5),(21561,85,5),(21562,85,5),(21563,85,5),(21564,85,5),(21565,85,5),(21566,85,5),(21567,85,5),(21568,85,5),(21569,85,5),(21570,85,5),(21571,85,5),(21572,85,5),(21573,85,5),(21574,85,5),(21575,85,5),(21576,85,5),(21577,85,5),(21578,85,5),(21579,85,5),(21580,85,5),(21581,85,5),(21582,86,5),(21583,86,5),(21584,86,5),(21585,86,5),(21586,86,5),(21587,86,5),(21588,86,5),(21589,86,5),(21590,86,5),(21591,86,5),(21592,86,5),(21593,86,5),(21594,86,5),(21595,86,5),(21596,86,5),(21597,86,5),(21598,86,5),(21599,86,5),(21600,86,5),(21601,86,5),(21602,86,5),(21603,86,5),(21604,86,5),(21605,86,5),(21606,86,5),(21607,86,5),(21608,86,5),(21609,86,5),(21610,86,5),(21611,86,5),(21612,86,5),(21613,86,5),(21614,86,5),(21615,86,5),(21616,86,5),(21617,86,5),(21618,86,5),(21619,86,5),(21620,86,5),(21621,86,5),(21622,86,5),(21623,86,5),(21624,86,5),(21625,86,5),(21626,86,5),(21627,86,5),(21628,86,5),(21629,86,5),(21630,86,5),(21631,86,5),(21632,86,5),(21633,86,5),(21634,86,5),(21635,86,5),(21636,86,5),(21637,86,5),(21638,86,5),(21639,86,5),(21640,86,5),(21641,86,5),(21642,86,5),(21643,86,5),(21644,86,5),(21645,86,5),(21646,86,5),(21647,86,5),(21648,86,5),(21649,86,5),(21650,86,5),(21651,86,5),(21652,86,5),(21653,86,5),(21654,86,5),(21655,86,5),(21656,86,5),(21657,86,5),(21658,86,5),(21659,86,5),(21660,86,5),(21661,86,5),(21662,86,5),(21663,86,5),(21664,86,5),(21665,86,5),(21666,86,5),(21667,86,5),(21668,86,5),(21669,86,5),(21670,86,5),(21671,87,5),(21672,87,5),(21673,87,5),(21674,87,5),(21675,87,5),(21676,87,5),(21677,87,5),(21678,87,5),(21679,87,5),(21680,87,5),(21681,87,5),(21682,87,5),(21683,87,5),(21684,87,5),(21685,87,5),(21686,87,5),(21687,87,5),(21688,87,5),(21689,87,5),(21690,87,5),(21691,87,5),(21692,87,5),(21693,87,5),(21694,87,5),(21695,87,5),(21696,87,5),(21697,87,5),(21698,87,5),(21699,87,5),(21700,87,5),(21701,87,5),(21702,87,5),(21703,87,5),(21704,87,5),(21705,87,5),(21706,87,5),(21707,87,5),(21708,87,5),(21709,87,5),(21710,87,5),(21711,87,5),(21712,87,5),(21713,87,5),(21714,87,5),(21715,87,5),(21716,87,5),(21717,87,5),(21718,87,5),(21719,87,5),(21720,87,5),(21721,87,5),(21722,87,5),(21723,87,5),(21724,87,5),(21725,87,5),(21726,87,5),(21727,87,5),(21728,87,5),(21729,87,5),(21730,87,5),(21731,87,5),(21732,87,5),(21733,87,5),(21734,87,5),(21735,87,5),(21736,87,5),(21737,87,5),(21738,87,5),(21739,87,5),(21740,87,5),(21741,87,5),(21742,87,5),(21743,87,5),(21744,87,5),(21745,87,5),(21746,87,5),(21747,87,5),(21748,87,5),(21749,87,5),(21750,87,5),(21751,87,5),(21752,87,5),(21753,87,5),(21754,88,5),(21755,88,5),(21756,88,5),(21757,88,5),(21758,88,5),(21759,88,5),(21760,88,5),(21761,88,5),(21762,88,5),(21763,88,5),(21764,88,5),(21765,88,5),(21766,88,5),(21767,88,5),(21768,88,5),(21769,88,5),(21770,88,5),(21771,88,5),(21772,88,5),(21773,88,5),(21774,88,5),(21775,88,5),(21776,88,5),(21777,88,5),(21778,88,5),(21779,88,5),(21780,88,5),(21781,88,5),(21782,88,5),(21783,88,5),(21784,88,5),(21785,88,5),(21786,88,5),(21787,88,5),(21788,88,5),(21789,88,5),(21790,88,5),(21791,88,5),(21792,88,5),(21793,88,5),(21794,88,5),(21795,88,5),(21796,88,5),(21797,88,5),(21798,88,5),(21799,88,5),(21800,88,5),(21801,88,5),(21802,88,5),(21803,88,5),(21804,88,5),(21805,88,5),(21806,88,5),(21807,88,5),(21808,88,5),(21809,88,5),(21810,88,5),(21811,88,5),(21812,88,5),(21813,88,5),(21814,88,5),(21815,88,5),(21816,88,5),(21817,88,5),(21818,88,5),(21819,88,5),(21820,88,5),(21821,88,5),(21822,88,5),(21823,88,5),(21824,88,5),(21825,88,5),(21826,88,5),(21827,88,5),(21828,88,5),(21829,88,5),(21830,88,5),(21831,89,5),(21832,89,5),(21833,89,5),(21834,89,5),(21835,89,5),(21836,89,5),(21837,89,5),(21838,89,5),(21839,89,5),(21840,89,5),(21841,89,5),(21842,89,5),(21843,89,5),(21844,89,5),(21845,89,5),(21846,89,5),(21847,89,5),(21848,89,5),(21849,89,5),(21850,89,5),(21851,89,5),(21852,89,5),(21853,89,5),(21854,89,5),(21855,89,5),(21856,89,5),(21857,89,5),(21858,89,5),(21859,89,5),(21860,89,5),(21861,89,5),(21862,89,5),(21863,89,5),(21864,89,5),(21865,89,5),(21866,89,5),(21867,89,5),(21868,89,5),(21869,89,5),(21870,89,5),(21871,89,5),(21872,89,5),(21873,89,5),(21874,89,5),(21875,89,5),(21876,89,5),(21877,89,5),(21878,89,5),(21879,89,5),(21880,89,5),(21881,89,5),(21882,89,5),(21883,89,5),(21884,89,5),(21885,89,5),(21886,89,5),(21887,89,5),(21888,89,5),(21889,89,5);
/*!40000 ALTER TABLE `mamao` ENABLE KEYS */;
UNLOCK TABLES;

--
-- Table structure for table `nao_gostei`
--

DROP TABLE IF EXISTS `nao_gostei`;
/*!40101 SET @saved_cs_client     = @@character_set_client */;
/*!50503 SET character_set_client = utf8mb4 */;
CREATE TABLE `nao_gostei` (
  `id` int unsigned NOT NULL AUTO_INCREMENT,
  `id_comentario` int unsigned NOT NULL,
  `id_usuario` int unsigned NOT NULL,
  PRIMARY KEY (`id`),
  KEY `fk_nao_gostei_1_idx` (`id_comentario`),
  KEY `fk_nao_gostei_2_idx` (`id_usuario`),
  CONSTRAINT `fk_nao_gostei_1` FOREIGN KEY (`id_comentario`) REFERENCES `comentario` (`id`),
  CONSTRAINT `fk_nao_gostei_2` FOREIGN KEY (`id_usuario`) REFERENCES `users` (`id`)
) ENGINE=InnoDB DEFAULT CHARSET=latin1;
/*!40101 SET character_set_client = @saved_cs_client */;

--
-- Dumping data for table `nao_gostei`
--

LOCK TABLES `nao_gostei` WRITE;
/*!40000 ALTER TABLE `nao_gostei` DISABLE KEYS */;
/*!40000 ALTER TABLE `nao_gostei` ENABLE KEYS */;
UNLOCK TABLES;

--
-- Table structure for table `penoso`
--

DROP TABLE IF EXISTS `penoso`;
/*!40101 SET @saved_cs_client     = @@character_set_client */;
/*!50503 SET character_set_client = utf8mb4 */;
CREATE TABLE `penoso` (
  `id` int unsigned NOT NULL AUTO_INCREMENT,
  `id_disciplina` int unsigned NOT NULL,
  `id_user` int unsigned NOT NULL,
  PRIMARY KEY (`id`),
  KEY `fk_penoso_1_idx` (`id_disciplina`),
  KEY `fk_penoso_2_idx` (`id_user`),
  CONSTRAINT `fk_penoso_1` FOREIGN KEY (`id_disciplina`) REFERENCES `disciplinas` (`id`),
  CONSTRAINT `fk_penoso_2` FOREIGN KEY (`id_user`) REFERENCES `users` (`id`)
) ENGINE=InnoDB AUTO_INCREMENT=9496 DEFAULT CHARSET=utf8mb4 COLLATE=utf8mb4_0900_ai_ci;
/*!40101 SET character_set_client = @saved_cs_client */;

--
-- Dumping data for table `penoso`
--

LOCK TABLES `penoso` WRITE;
/*!40000 ALTER TABLE `penoso` DISABLE KEYS */;
INSERT INTO `penoso` VALUES (8194,30,5),(8195,30,5),(8196,30,5),(8197,30,5),(8198,30,5),(8199,30,5),(8200,30,5),(8201,30,5),(8202,30,5),(8203,30,5),(8204,30,5),(8205,30,5),(8206,30,5),(8207,30,5),(8208,30,5),(8209,30,5),(8210,30,5),(8211,30,5),(8212,30,5),(8213,30,5),(8214,30,5),(8215,30,5),(8216,30,5),(8217,30,5),(8218,30,5),(8219,30,5),(8220,30,5),(8221,30,5),(8222,30,5),(8223,30,5),(8224,30,5),(8225,30,5),(8226,31,5),(8227,31,5),(8228,31,5),(8229,31,5),(8230,31,5),(8231,31,5),(8232,31,5),(8233,31,5),(8234,31,5),(8235,31,5),(8236,31,5),(8237,31,5),(8238,31,5),(8239,31,5),(8240,31,5),(8241,31,5),(8242,31,5),(8243,31,5),(8244,31,5),(8245,31,5),(8246,31,5),(8247,31,5),(8248,31,5),(8249,31,5),(8250,31,5),(8251,31,5),(8252,31,5),(8253,31,5),(8254,31,5),(8255,31,5),(8256,31,5),(8257,31,5),(8258,31,5),(8259,31,5),(8260,31,5),(8261,31,5),(8262,31,5),(8263,31,5),(8264,31,5),(8265,31,5),(8266,31,5),(8267,31,5),(8268,31,5),(8269,32,5),(8270,32,5),(8271,32,5),(8272,32,5),(8273,32,5),(8274,32,5),(8275,32,5),(8276,32,5),(8277,32,5),(8278,32,5),(8279,32,5),(8280,32,5),(8281,32,5),(8282,32,5),(8283,32,5),(8284,32,5),(8285,32,5),(8286,32,5),(8287,32,5),(8288,32,5),(8289,32,5),(8290,32,5),(8291,32,5),(8292,32,5),(8293,32,5),(8294,32,5),(8295,32,5),(8296,32,5),(8297,32,5),(8298,32,5),(8299,32,5),(8300,32,5),(8301,32,5),(8302,32,5),(8303,32,5),(8304,32,5),(8305,32,5),(8306,32,5),(8307,32,5),(8308,32,5),(8309,32,5),(8310,32,5),(8311,32,5),(8312,32,5),(8313,33,5),(8314,33,5),(8315,33,5),(8316,33,5),(8317,33,5),(8318,33,5),(8319,33,5),(8320,33,5),(8321,33,5),(8322,33,5),(8323,33,5),(8324,33,5),(8325,33,5),(8326,33,5),(8327,33,5),(8328,33,5),(8329,33,5),(8330,33,5),(8331,33,5),(8332,33,5),(8333,33,5),(8334,34,5),(8335,34,5),(8336,34,5),(8337,34,5),(8338,34,5),(8339,34,5),(8340,34,5),(8341,34,5),(8342,34,5),(8343,34,5),(8344,34,5),(8345,34,5),(8346,34,5),(8347,34,5),(8348,34,5),(8349,34,5),(8350,34,5),(8351,34,5),(8352,34,5),(8353,34,5),(8354,34,5),(8355,34,5),(8356,34,5),(8357,34,5),(8358,34,5),(8359,34,5),(8360,34,5),(8361,34,5),(8362,34,5),(8363,34,5),(8364,34,5),(8365,35,5),(8366,35,5),(8367,35,5),(8368,36,5),(8369,36,5),(8370,36,5),(8371,36,5),(8372,36,5),(8373,36,5),(8374,36,5),(8375,36,5),(8376,36,5),(8377,36,5),(8378,36,5),(8379,36,5),(8380,36,5),(8381,36,5),(8382,36,5),(8383,36,5),(8384,36,5),(8385,36,5),(8386,36,5),(8387,36,5),(8388,36,5),(8389,36,5),(8390,36,5),(8391,36,5),(8392,36,5),(8393,36,5),(8394,36,5),(8395,36,5),(8396,37,5),(8397,37,5),(8398,37,5),(8399,37,5),(8400,37,5),(8401,37,5),(8402,37,5),(8403,37,5),(8404,37,5),(8405,37,5),(8406,37,5),(8407,37,5),(8408,37,5),(8409,37,5),(8410,37,5),(8411,37,5),(8412,37,5),(8413,37,5),(8414,37,5),(8415,37,5),(8416,37,5),(8417,37,5),(8418,37,5),(8419,37,5),(8420,37,5),(8421,37,5),(8422,37,5),(8423,37,5),(8424,37,5),(8425,38,5),(8426,38,5),(8427,38,5),(8428,38,5),(8429,38,5),(8430,38,5),(8431,38,5),(8432,38,5),(8433,38,5),(8434,38,5),(8435,38,5),(8436,38,5),(8437,38,5),(8438,38,5),(8439,38,5),(8440,38,5),(8441,39,5),(8442,39,5),(8443,39,5),(8444,39,5),(8445,39,5),(8446,39,5),(8447,39,5),(8448,39,5),(8449,39,5),(8450,39,5),(8451,39,5),(8452,39,5),(8453,39,5),(8454,39,5),(8455,39,5),(8456,39,5),(8457,39,5),(8458,39,5),(8459,39,5),(8460,39,5),(8461,39,5),(8462,39,5),(8463,39,5),(8464,39,5),(8465,39,5),(8466,39,5),(8467,39,5),(8468,39,5),(8469,39,5),(8470,39,5),(8471,39,5),(8472,39,5),(8473,39,5),(8474,39,5),(8475,39,5),(8476,39,5),(8477,39,5),(8478,39,5),(8479,39,5),(8480,39,5),(8481,39,5),(8482,39,5),(8483,39,5),(8484,39,5),(8485,39,5),(8486,40,5),(8487,40,5),(8488,40,5),(8489,40,5),(8490,40,5),(8491,40,5),(8492,40,5),(8493,40,5),(8494,40,5),(8495,40,5),(8496,40,5),(8497,40,5),(8498,40,5),(8499,40,5),(8500,40,5),(8501,40,5),(8502,40,5),(8503,40,5),(8504,40,5),(8505,40,5),(8506,40,5),(8507,40,5),(8508,40,5),(8509,40,5),(8510,40,5),(8511,40,5),(8512,40,5),(8513,40,5),(8514,40,5),(8515,40,5),(8516,40,5),(8517,40,5),(8518,40,5),(8519,40,5),(8520,40,5),(8521,41,5),(8522,41,5),(8523,42,5),(8524,42,5),(8525,42,5),(8526,42,5),(8527,42,5),(8528,42,5),(8529,42,5),(8530,42,5),(8531,42,5),(8532,42,5),(8533,42,5),(8534,42,5),(8535,42,5),(8536,42,5),(8537,42,5),(8538,42,5),(8539,42,5),(8540,42,5),(8541,42,5),(8542,42,5),(8543,43,5),(8544,43,5),(8545,43,5),(8546,43,5),(8547,43,5),(8548,43,5),(8549,43,5),(8550,43,5),(8551,43,5),(8552,43,5),(8553,44,5),(8554,44,5),(8555,44,5),(8556,44,5),(8557,44,5),(8558,44,5),(8559,44,5),(8560,44,5),(8561,44,5),(8562,44,5),(8563,45,5),(8564,45,5),(8565,45,5),(8566,45,5),(8567,45,5),(8568,45,5),(8569,45,5),(8570,45,5),(8571,46,5),(8572,46,5),(8573,46,5),(8574,46,5),(8575,46,5),(8576,46,5),(8577,46,5),(8578,46,5),(8579,47,5),(8580,47,5),(8581,47,5),(8582,47,5),(8583,47,5),(8584,47,5),(8585,47,5),(8586,47,5),(8587,47,5),(8588,47,5),(8589,47,5),(8590,47,5),(8591,47,5),(8592,47,5),(8593,47,5),(8594,47,5),(8595,47,5),(8596,47,5),(8597,47,5),(8598,47,5),(8599,48,5),(8600,48,5),(8601,48,5),(8602,48,5),(8603,48,5),(8604,48,5),(8605,48,5),(8606,48,5),(8607,48,5),(8608,48,5),(8609,48,5),(8610,48,5),(8611,48,5),(8612,48,5),(8613,48,5),(8614,48,5),(8615,48,5),(8616,48,5),(8617,48,5),(8618,48,5),(8619,48,5),(8620,48,5),(8621,48,5),(8622,48,5),(8623,48,5),(8624,49,5),(8625,49,5),(8626,49,5),(8627,49,5),(8628,49,5),(8629,49,5),(8630,49,5),(8631,49,5),(8632,49,5),(8633,49,5),(8634,49,5),(8635,49,5),(8636,50,5),(8637,50,5),(8638,50,5),(8639,50,5),(8640,50,5),(8641,50,5),(8642,50,5),(8643,50,5),(8644,50,5),(8645,50,5),(8646,50,5),(8647,50,5),(8648,50,5),(8649,50,5),(8650,50,5),(8651,50,5),(8652,50,5),(8653,50,5),(8654,50,5),(8655,50,5),(8656,50,5),(8657,50,5),(8658,50,5),(8659,50,5),(8660,50,5),(8661,51,5),(8662,51,5),(8663,51,5),(8664,51,5),(8665,51,5),(8666,51,5),(8667,51,5),(8668,52,5),(8669,52,5),(8670,52,5),(8671,52,5),(8672,52,5),(8673,52,5),(8674,52,5),(8675,52,5),(8676,52,5),(8677,52,5),(8678,52,5),(8679,52,5),(8680,52,5),(8681,52,5),(8682,52,5),(8683,52,5),(8684,52,5),(8685,52,5),(8686,52,5),(8687,52,5),(8688,53,5),(8689,53,5),(8690,53,5),(8691,53,5),(8692,53,5),(8693,53,5),(8694,53,5),(8695,53,5),(8696,53,5),(8697,53,5),(8698,53,5),(8699,53,5),(8700,53,5),(8701,53,5),(8702,53,5),(8703,54,5),(8704,54,5),(8705,54,5),(8706,54,5),(8707,54,5),(8708,54,5),(8709,54,5),(8710,54,5),(8711,54,5),(8712,54,5),(8713,54,5),(8714,54,5),(8715,54,5),(8716,54,5),(8717,54,5),(8718,54,5),(8719,54,5),(8720,54,5),(8721,54,5),(8722,55,5),(8723,55,5),(8724,55,5),(8725,55,5),(8726,55,5),(8727,55,5),(8728,55,5),(8729,55,5),(8730,55,5),(8731,56,5),(8732,56,5),(8733,56,5),(8734,56,5),(8735,56,5),(8736,56,5),(8737,56,5),(8738,56,5),(8739,56,5),(8740,56,5),(8741,57,5),(8742,57,5),(8743,57,5),(8744,57,5),(8745,57,5),(8746,57,5),(8747,57,5),(8748,57,5),(8749,57,5),(8750,57,5),(8751,57,5),(8752,57,5),(8753,57,5),(8754,57,5),(8755,57,5),(8756,57,5),(8757,57,5),(8758,57,5),(8759,57,5),(8760,57,5),(8761,58,5),(8762,58,5),(8763,58,5),(8764,58,5),(8765,58,5),(8766,58,5),(8767,58,5),(8768,58,5),(8769,58,5),(8770,58,5),(8771,58,5),(8772,58,5),(8773,58,5),(8774,58,5),(8775,58,5),(8776,58,5),(8777,58,5),(8778,58,5),(8779,58,5),(8780,58,5),(8781,58,5),(8782,58,5),(8783,58,5),(8784,58,5),(8785,58,5),(8786,58,5),(8787,58,5),(8788,58,5),(8789,58,5),(8790,58,5),(8791,58,5),(8792,58,5),(8793,58,5),(8794,58,5),(8795,58,5),(8796,58,5),(8797,58,5),(8798,58,5),(8799,58,5),(8800,58,5),(8801,58,5),(8802,58,5),(8803,58,5),(8804,58,5),(8805,58,5),(8806,58,5),(8807,58,5),(8808,58,5),(8809,58,5),(8810,58,5),(8811,58,5),(8812,58,5),(8813,59,5),(8814,59,5),(8815,59,5),(8816,59,5),(8817,59,5),(8818,59,5),(8819,59,5),(8820,59,5),(8821,59,5),(8822,59,5),(8823,59,5),(8824,59,5),(8825,59,5),(8826,59,5),(8827,59,5),(8828,60,5),(8829,60,5),(8830,60,5),(8831,60,5),(8832,60,5),(8833,60,5),(8834,60,5),(8835,60,5),(8836,60,5),(8837,60,5),(8838,60,5),(8839,60,5),(8840,60,5),(8841,60,5),(8842,60,5),(8843,60,5),(8844,60,5),(8845,60,5),(8846,60,5),(8847,60,5),(8848,60,5),(8849,60,5),(8850,60,5),(8851,60,5),(8852,61,5),(8853,61,5),(8854,61,5),(8855,61,5),(8856,61,5),(8857,61,5),(8858,61,5),(8859,61,5),(8860,61,5),(8861,61,5),(8862,61,5),(8863,61,5),(8864,61,5),(8865,61,5),(8866,61,5),(8867,61,5),(8868,61,5),(8869,61,5),(8870,61,5),(8871,61,5),(8872,61,5),(8873,61,5),(8874,61,5),(8875,61,5),(8876,61,5),(8877,61,5),(8878,61,5),(8879,61,5),(8880,61,5),(8881,61,5),(8882,61,5),(8883,61,5),(8884,61,5),(8885,62,5),(8886,62,5),(8887,62,5),(8888,62,5),(8889,62,5),(8890,62,5),(8891,62,5),(8892,62,5),(8893,62,5),(8894,62,5),(8895,62,5),(8896,62,5),(8897,62,5),(8898,62,5),(8899,62,5),(8900,62,5),(8901,62,5),(8902,62,5),(8903,62,5),(8904,62,5),(8905,62,5),(8906,62,5),(8907,63,5),(8908,63,5),(8909,63,5),(8910,63,5),(8911,63,5),(8912,63,5),(8913,63,5),(8914,63,5),(8915,63,5),(8916,63,5),(8917,63,5),(8918,63,5),(8919,63,5),(8920,63,5),(8921,63,5),(8922,63,5),(8923,63,5),(8924,63,5),(8925,63,5),(8926,63,5),(8927,63,5),(8928,63,5),(8929,63,5),(8930,63,5),(8931,63,5),(8932,63,5),(8933,63,5),(8934,63,5),(8935,63,5),(8936,63,5),(8937,63,5),(8938,63,5),(8939,63,5),(8940,63,5),(8941,63,5),(8942,63,5),(8943,63,5),(8944,63,5),(8945,63,5),(8946,63,5),(8947,63,5),(8948,63,5),(8949,63,5),(8950,63,5),(8951,63,5),(8952,64,5),(8953,64,5),(8954,64,5),(8955,64,5),(8956,64,5),(8957,64,5),(8958,64,5),(8959,64,5),(8960,64,5),(8961,64,5),(8962,64,5),(8963,64,5),(8964,65,5),(8965,65,5),(8966,65,5),(8967,65,5),(8968,65,5),(8969,65,5),(8970,65,5),(8971,65,5),(8972,65,5),(8973,65,5),(8974,65,5),(8975,65,5),(8976,65,5),(8977,65,5),(8978,65,5),(8979,65,5),(8980,65,5),(8981,65,5),(8982,65,5),(8983,65,5),(8984,65,5),(8985,65,5),(8986,65,5),(8987,65,5),(8988,65,5),(8989,65,5),(8990,65,5),(8991,65,5),(8992,65,5),(8993,65,5),(8994,65,5),(8995,65,5),(8996,65,5),(8997,65,5),(8998,65,5),(8999,65,5),(9000,65,5),(9001,66,5),(9002,66,5),(9003,66,5),(9004,66,5),(9005,66,5),(9006,66,5),(9007,66,5),(9008,66,5),(9009,66,5),(9010,66,5),(9011,66,5),(9012,66,5),(9013,66,5),(9014,67,5),(9015,67,5),(9016,67,5),(9017,67,5),(9018,67,5),(9019,67,5),(9020,67,5),(9021,67,5),(9022,67,5),(9023,67,5),(9024,67,5),(9025,67,5),(9026,67,5),(9027,67,5),(9028,68,5),(9029,68,5),(9030,68,5),(9031,68,5),(9032,68,5),(9033,68,5),(9034,69,5),(9035,69,5),(9036,69,5),(9037,69,5),(9038,69,5),(9039,69,5),(9040,69,5),(9041,69,5),(9042,69,5),(9043,69,5),(9044,69,5),(9045,69,5),(9046,69,5),(9047,69,5),(9048,69,5),(9049,69,5),(9050,69,5),(9051,69,5),(9052,69,5),(9053,69,5),(9054,69,5),(9055,70,5),(9056,70,5),(9057,70,5),(9058,70,5),(9059,70,5),(9060,70,5),(9061,70,5),(9062,70,5),(9063,70,5),(9064,70,5),(9065,70,5),(9066,70,5),(9067,70,5),(9068,70,5),(9069,70,5),(9070,70,5),(9071,70,5),(9072,70,5),(9073,70,5),(9074,70,5),(9075,70,5),(9076,70,5),(9077,70,5),(9078,70,5),(9079,70,5),(9080,71,5),(9081,71,5),(9082,71,5),(9083,71,5),(9084,71,5),(9085,71,5),(9086,71,5),(9087,71,5),(9088,71,5),(9089,71,5),(9090,71,5),(9091,71,5),(9092,71,5),(9093,71,5),(9094,71,5),(9095,71,5),(9096,71,5),(9097,71,5),(9098,71,5),(9099,71,5),(9100,71,5),(9101,71,5),(9102,71,5),(9103,71,5),(9104,71,5),(9105,71,5),(9106,71,5),(9107,71,5),(9108,71,5),(9109,71,5),(9110,71,5),(9111,71,5),(9112,71,5),(9113,71,5),(9114,71,5),(9115,71,5),(9116,71,5),(9117,71,5),(9118,71,5),(9119,71,5),(9120,72,5),(9121,72,5),(9122,72,5),(9123,73,5),(9124,73,5),(9125,73,5),(9126,73,5),(9127,73,5),(9128,73,5),(9129,73,5),(9130,73,5),(9131,73,5),(9132,73,5),(9133,73,5),(9134,73,5),(9135,73,5),(9136,73,5),(9137,73,5),(9138,74,5),(9139,74,5),(9140,74,5),(9141,74,5),(9142,74,5),(9143,74,5),(9144,74,5),(9145,74,5),(9146,74,5),(9147,74,5),(9148,74,5),(9149,74,5),(9150,74,5),(9151,74,5),(9152,74,5),(9153,74,5),(9154,74,5),(9155,74,5),(9156,74,5),(9157,74,5),(9158,74,5),(9159,74,5),(9160,74,5),(9161,74,5),(9162,74,5),(9163,74,5),(9164,74,5),(9165,74,5),(9166,74,5),(9167,74,5),(9168,74,5),(9169,74,5),(9170,74,5),(9171,74,5),(9172,74,5),(9173,75,5),(9174,75,5),(9175,75,5),(9176,75,5),(9177,75,5),(9178,75,5),(9179,75,5),(9180,75,5),(9181,75,5),(9182,75,5),(9183,75,5),(9184,75,5),(9185,75,5),(9186,76,5),(9187,76,5),(9188,76,5),(9189,76,5),(9190,76,5),(9191,76,5),(9192,76,5),(9193,76,5),(9194,76,5),(9195,76,5),(9196,76,5),(9197,76,5),(9198,76,5),(9199,76,5),(9200,76,5),(9201,76,5),(9202,76,5),(9203,77,5),(9204,77,5),(9205,77,5),(9206,77,5),(9207,77,5),(9208,77,5),(9209,77,5),(9210,77,5),(9211,77,5),(9212,77,5),(9213,77,5),(9214,77,5),(9215,77,5),(9216,77,5),(9217,77,5),(9218,77,5),(9219,77,5),(9220,77,5),(9221,77,5),(9222,77,5),(9223,77,5),(9224,77,5),(9225,77,5),(9226,77,5),(9227,77,5),(9228,77,5),(9229,77,5),(9230,78,5),(9231,78,5),(9232,78,5),(9233,78,5),(9234,78,5),(9235,78,5),(9236,78,5),(9237,78,5),(9238,78,5),(9239,78,5),(9240,78,5),(9241,78,5),(9242,78,5),(9243,78,5),(9244,78,5),(9245,78,5),(9246,78,5),(9247,78,5),(9248,78,5),(9249,78,5),(9250,78,5),(9251,78,5),(9252,78,5),(9253,78,5),(9254,78,5),(9255,78,5),(9256,78,5),(9257,79,5),(9258,79,5),(9259,79,5),(9260,79,5),(9261,79,5),(9262,79,5),(9263,80,5),(9264,80,5),(9265,80,5),(9266,80,5),(9267,80,5),(9268,80,5),(9269,80,5),(9270,80,5),(9271,80,5),(9272,81,5),(9273,81,5),(9274,81,5),(9275,81,5),(9276,81,5),(9277,81,5),(9278,81,5),(9279,81,5),(9280,81,5),(9281,81,5),(9282,81,5),(9283,81,5),(9284,81,5),(9285,81,5),(9286,81,5),(9287,81,5),(9288,81,5),(9289,81,5),(9290,81,5),(9291,81,5),(9292,81,5),(9293,81,5),(9294,81,5),(9295,81,5),(9296,81,5),(9297,81,5),(9298,81,5),(9299,81,5),(9300,81,5),(9301,81,5),(9302,81,5),(9303,82,5),(9304,82,5),(9305,82,5),(9306,82,5),(9307,82,5),(9308,82,5),(9309,82,5),(9310,82,5),(9311,82,5),(9312,82,5),(9313,82,5),(9314,82,5),(9315,82,5),(9316,82,5),(9317,82,5),(9318,82,5),(9319,82,5),(9320,82,5),(9321,82,5),(9322,83,5),(9323,83,5),(9324,83,5),(9325,83,5),(9326,83,5),(9327,83,5),(9328,83,5),(9329,83,5),(9330,83,5),(9331,83,5),(9332,83,5),(9333,83,5),(9334,83,5),(9335,83,5),(9336,83,5),(9337,83,5),(9338,83,5),(9339,83,5),(9340,83,5),(9341,83,5),(9342,83,5),(9343,83,5),(9344,83,5),(9345,83,5),(9346,83,5),(9347,83,5),(9348,84,5),(9349,84,5),(9350,84,5),(9351,84,5),(9352,84,5),(9353,84,5),(9354,84,5),(9355,84,5),(9356,84,5),(9357,84,5),(9358,84,5),(9359,84,5),(9360,84,5),(9361,84,5),(9362,84,5),(9363,84,5),(9364,84,5),(9365,84,5),(9366,84,5),(9367,84,5),(9368,84,5),(9369,84,5),(9370,84,5),(9371,84,5),(9372,84,5),(9373,84,5),(9374,84,5),(9375,84,5),(9376,84,5),(9377,84,5),(9378,84,5),(9379,85,5),(9380,85,5),(9381,85,5),(9382,85,5),(9383,85,5),(9384,85,5),(9385,85,5),(9386,85,5),(9387,85,5),(9388,85,5),(9389,85,5),(9390,85,5),(9391,85,5),(9392,85,5),(9393,85,5),(9394,85,5),(9395,85,5),(9396,85,5),(9397,85,5),(9398,85,5),(9399,85,5),(9400,85,5),(9401,85,5),(9402,85,5),(9403,85,5),(9404,86,5),(9405,86,5),(9406,86,5),(9407,86,5),(9408,86,5),(9409,86,5),(9410,86,5),(9411,86,5),(9412,86,5),(9413,86,5),(9414,86,5),(9415,87,5),(9416,87,5),(9417,87,5),(9418,87,5),(9419,87,5),(9420,87,5),(9421,87,5),(9422,87,5),(9423,87,5),(9424,87,5),(9425,87,5),(9426,87,5),(9427,87,5),(9428,87,5),(9429,87,5),(9430,87,5),(9431,87,5),(9432,88,5),(9433,88,5),(9434,88,5),(9435,88,5),(9436,88,5),(9437,88,5),(9438,88,5),(9439,88,5),(9440,88,5),(9441,88,5),(9442,88,5),(9443,88,5),(9444,88,5),(9445,88,5),(9446,88,5),(9447,88,5),(9448,88,5),(9449,88,5),(9450,88,5),(9451,88,5),(9452,88,5),(9453,88,5),(9454,88,5),(9455,89,5),(9456,89,5),(9457,89,5),(9458,89,5),(9459,89,5),(9460,89,5),(9461,89,5),(9462,89,5),(9463,89,5),(9464,89,5),(9465,89,5),(9466,89,5),(9467,89,5),(9468,89,5),(9469,89,5),(9470,89,5),(9471,89,5),(9472,89,5),(9473,89,5),(9474,89,5),(9475,89,5),(9476,89,5),(9477,89,5),(9478,89,5),(9479,89,5),(9480,89,5),(9481,89,5),(9482,89,5),(9483,89,5),(9484,89,5),(9485,89,5),(9486,89,5),(9487,89,5),(9488,89,5),(9489,89,5),(9490,89,5),(9491,89,5),(9492,89,5),(9493,89,5),(9494,89,5),(9495,89,5);
/*!40000 ALTER TABLE `penoso` ENABLE KEYS */;
UNLOCK TABLES;

--
-- Table structure for table `users`
--

DROP TABLE IF EXISTS `users`;
/*!40101 SET @saved_cs_client     = @@character_set_client */;
/*!50503 SET character_set_client = utf8mb4 */;
CREATE TABLE `users` (
  `id` int unsigned NOT NULL AUTO_INCREMENT,
  `name` varchar(255) NOT NULL,
  `email` varchar(255) NOT NULL,
  `username` varchar(255) NOT NULL,
  `password` varchar(255) NOT NULL,
  `picture` text,
  PRIMARY KEY (`id`)
) ENGINE=InnoDB AUTO_INCREMENT=9 DEFAULT CHARSET=latin1;
/*!40101 SET character_set_client = @saved_cs_client */;

--
-- Dumping data for table `users`
--

LOCK TABLES `users` WRITE;
/*!40000 ALTER TABLE `users` DISABLE KEYS */;
INSERT INTO `users` VALUES (5,'Felipe Seppe de Faria','felipe.seppe@hotmail.com','fseppe','$5$rounds=535000$A34itEG3DDJYT/I0$kqj0oSAkex9npum5oqvDFuth3pju3kKjncJZiimTC15','https://avatars2.githubusercontent.com/u/42240652?s=460&v=4'),(6,'meu nome','teste','teste','$5$rounds=535000$SqdZ8e7UvC2Mh.O8$gw.SsvTosN.ui1djRj43Nf4/m7S2t38AX/6fZmbxsN4','https://avatars2.githubusercontent.com/u/42240652?s=460&v=4'),(7,'fteste','teste@mail.com','testando','$5$rounds=535000$i.Z2W/VMKLjxLPUX$M4mnE3Z8esXjUd/MyBEe9GyX2XRnqAA7HRek8Vj.203',''),(8,'Luan Gameplay','lindao@email.com','luangameplay','$5$rounds=535000$0sTtMMTIK.R1xUSX$N0n2iSYgWL/b4SlBVlP5ndyfpDnqRSv84CO/6W5IiFD','https://instagram.fplu8-1.fna.fbcdn.net/v/t51.2885-19/s150x150/39196107_536716576756999_3918096822152724480_n.jpg?_nc_ht=instagram.fplu8-1.fna.fbcdn.net&_nc_ohc=OuobejbBWDMAX-UL4zR&oh=b73a9862e2b0089d2edc5d98119470af&oe=5F8652C3');
/*!40000 ALTER TABLE `users` ENABLE KEYS */;
UNLOCK TABLES;

--
-- Final view structure for view `disciplinas_informacoes`
--

/*!50001 DROP VIEW IF EXISTS `disciplinas_informacoes`*/;
/*!50001 SET @saved_cs_client          = @@character_set_client */;
/*!50001 SET @saved_cs_results         = @@character_set_results */;
/*!50001 SET @saved_col_connection     = @@collation_connection */;
/*!50001 SET character_set_client      = utf8mb4 */;
/*!50001 SET character_set_results     = utf8mb4 */;
/*!50001 SET collation_connection      = utf8mb4_0900_ai_ci */;
/*!50001 CREATE ALGORITHM=UNDEFINED */
/*!50013 DEFINER=`root`@`localhost` SQL SECURITY DEFINER */
/*!50001 VIEW `disciplinas_informacoes` AS select `d`.`id` AS `id`,min(`d`.`nome`) AS `nome`,min(`d`.`nome_limpo`) AS `nome_limpo`,count(distinct `m`.`id`) AS `num_mamao`,count(distinct `p`.`id`) AS `num_penoso`,count(distinct `c`.`id`) AS `num_comentarios` from (((`disciplinas` `d` left join `mamao` `m` on((`d`.`id` = `m`.`id_disciplina`))) left join `penoso` `p` on((`d`.`id` = `p`.`id_disciplina`))) left join `comentario` `c` on((`d`.`id` = `c`.`id_disciplina`))) group by `d`.`id` */;
/*!50001 SET character_set_client      = @saved_cs_client */;
/*!50001 SET character_set_results     = @saved_cs_results */;
/*!50001 SET collation_connection      = @saved_col_connection */;
/*!40103 SET TIME_ZONE=@OLD_TIME_ZONE */;

/*!40101 SET SQL_MODE=@OLD_SQL_MODE */;
/*!40014 SET FOREIGN_KEY_CHECKS=@OLD_FOREIGN_KEY_CHECKS */;
/*!40014 SET UNIQUE_CHECKS=@OLD_UNIQUE_CHECKS */;
/*!40101 SET CHARACTER_SET_CLIENT=@OLD_CHARACTER_SET_CLIENT */;
/*!40101 SET CHARACTER_SET_RESULTS=@OLD_CHARACTER_SET_RESULTS */;
/*!40101 SET COLLATION_CONNECTION=@OLD_COLLATION_CONNECTION */;
/*!40111 SET SQL_NOTES=@OLD_SQL_NOTES */;

-- Dump completed on 2020-09-15 18:39:00
